FE_MW,humidity,precipation,max_temp,min_temp,wind_speed
208083.0,68.31,2.72,73.16,64.18,7.56
185818.0,46.85,0.27,84.2,59.5,10.84
176788.0,39.14,0.0,89.32,61.94,10.35
180699.0,26.81,0.0,92.35,61.54,9.42
188311.0,27.82,0.05,91.73,67.23,13.71
210942.0,31.06,0.03,88.14,71.32,11.2
223043.0,29.37,0.0,90.89,63.35,10.93
248376.0,38.0,0.0,88.71,64.61,11.94
236259.0,34.67,0.02,89.49,68.57,16.72
193230.0,35.77,0.0,91.81,65.72,11.17
180534.0,31.94,0.05,95.06,68.97,17.76
154297.0,37.24,0.0,93.57,70.21,15.47
174295.0,32.74,0.01,93.82,74.09,15.47
174512.0,31.41,0.71,95.67,69.1,10.77
177572.0,32.01,0.24,91.36,70.45,10.38
184944.0,35.42,0.43,93.16,69.51,13.68
191674.0,48.03,0.37,80.11,68.23,10.15
180911.0,61.89,0.65,83.57,62.12,12.42
168433.0,56.17,2.32,83.27,63.38,10.04
196711.0,50.25,0.22,87.28,62.31,5.81
221344.0,37.87,0.11,91.27,63.29,9.97
219779.0,42.65,0.08,92.47,65.81,12.21
200293.0,35.78,0.13,92.72,72.54,14.17
180903.0,34.44,0.11,92.62,71.17,13.4
156218.0,32.96,0.0,96.11,69.18,10.92
155451.0,35.25,0.03,92.78,71.19,19.33
191200.0,35.2,0.0,93.89,70.07,9.18
210175.0,26.85,0.23,94.12,73.26,16.98
193328.0,37.41,0.04,87.37,68.69,11.9
196608.0,40.27,0.07,88.46,66.8,11.01
203373.0,43.13,0.49,84.94,68.68,15.19
193644.0,35.8,0.05,87.26,63.75,17.77
185305.0,25.64,0.0,87.81,66.44,11.86
178646.0,36.97,0.0,89.81,63.66,8.21
203714.0,32.49,0.0,96.69,64.97,10.71
225358.0,31.21,0.59,93.97,69.21,12.54
220550.0,35.19,0.18,91.24,69.26,14.34
204605.0,26.83,0.02,91.96,67.29,10.17
191527.0,33.32,0.07,86.07,69.55,11.58
200133.0,47.07,0.51,86.72,70.02,12.85
226411.0,46.42,0.1,90.95,64.44,7.0
235955.0,38.39,0.0,96.56,67.25,5.88
215519.0,32.26,0.0,100.43,70.94,6.38
202758.0,37.06,0.0,101.25,76.01,17.82
206104.0,32.41,0.0,89.64,77.03,18.13
205261.0,23.5,0.0,94.45,69.45,11.99
210079.0,26.81,0.0,95.33,71.86,9.36
244439.0,34.12,0.0,98.06,70.83,10.37
248043.0,31.75,0.38,92.16,74.64,25.66
261016.0,70.58,1.73,88.41,69.29,14.13
282082.0,36.45,0.0,95.85,65.66,8.89
265393.0,27.42,0.0,97.46,70.96,13.8
221227.0,44.2,0.05,90.12,78.21,15.0
212732.0,41.02,0.0,97.99,69.18,7.02
244235.0,36.72,0.09,99.74,76.54,11.05
233964.0,36.45,1.04,97.32,78.19,16.73
221825.0,41.63,0.91,83.19,68.19,17.62
239284.0,52.64,0.0,86.33,63.3,6.98
237538.0,42.32,0.99,89.6,64.09,10.34
215190.0,45.43,0.12,93.26,67.09,7.75
206470.0,40.36,0.76,81.69,69.25,10.85
234422.0,47.95,0.29,90.12,65.72,6.25
240279.0,33.47,0.42,94.8,66.99,11.42
228184.0,35.73,0.0,97.7,66.22,9.5
227066.0,37.76,0.0,101.58,66.92,8.29
231496.0,33.87,0.0,103.34,71.11,8.63
217415.0,30.87,0.0,101.56,75.45,11.88
208077.0,30.01,0.0,101.48,75.98,15.75
226822.0,35.08,0.01,97.11,78.05,19.37
223145.0,27.8,0.0,94.88,74.21,9.51
203458.0,34.96,0.0,89.76,73.28,17.02
195702.0,50.63,0.3,82.46,68.42,18.56
194551.0,56.84,3.29,80.85,61.03,8.08
181060.0,53.21,3.48,83.6,60.93,8.3
163409.0,63.06,0.07,86.62,62.93,8.46
191365.0,51.83,0.38,87.66,63.19,9.41
199703.0,55.88,0.53,79.66,67.45,11.45
201784.0,59.71,0.17,84.56,62.13,9.94
214306.0,59.28,0.58,86.03,63.62,9.39
215813.0,55.04,0.07,91.02,63.29,7.43
189380.0,44.68,0.0,94.97,66.14,8.18
174771.0,39.09,0.0,94.18,68.87,10.93
186126.0,34.73,0.0,94.82,69.8,13.0
195276.0,38.02,0.0,93.27,66.42,13.23
212791.0,35.52,0.0,94.36,68.67,12.88
209971.0,37.95,0.0,95.94,68.84,10.64
196523.0,38.57,0.0,93.2,70.13,10.52
176674.0,38.1,0.0,92.89,72.59,15.09
165263.0,42.62,0.28,90.8,71.51,11.53
185626.0,51.78,0.03,81.85,69.4,12.67
191970.0,73.73,0.17,74.66,65.98,12.69
203177.0,65.26,0.26,76.06,65.84,14.26
230648.0,76.74,0.05,79.43,63.26,7.02
246491.0,75.46,0.41,71.36,65.6,10.28
228476.0,73.56,0.02,79.56,63.56,9.11
178281.0,60.55,0.16,84.85,61.4,10.79
147992.0,57.2,0.0,86.32,61.93,7.58
171451.0,50.88,0.82,87.11,60.45,11.45
177961.0,44.07,0.0,90.72,59.2,8.15
184773.0,47.11,0.0,91.87,59.35,12.09
186041.0,32.62,0.0,85.21,70.13,20.9
165216.0,46.13,0.0,86.29,64.45,12.0
157081.0,38.92,0.0,89.95,63.43,8.59
189864.0,39.32,0.0,92.57,60.67,6.34
202824.0,38.12,0.0,90.57,63.42,10.45
187162.0,33.77,0.0,89.83,61.46,16.28
172791.0,45.22,0.37,77.02,67.79,17.19
167759.0,60.33,2.59,69.08,60.54,10.68
150933.0,76.61,1.15,71.28,55.23,12.69
143651.0,71.16,0.11,72.51,56.64,12.23
172977.0,57.67,0.0,75.1,53.65,8.3
181336.0,65.63,0.0,76.25,60.42,9.63
183680.0,61.64,0.0,79.55,53.39,9.95
182042.0,56.18,0.0,79.9,54.69,9.28
174621.0,49.09,0.0,80.64,56.51,8.59
151969.0,57.63,0.0,82.02,56.13,7.81
148743.0,48.09,0.0,82.57,55.39,8.74
179967.0,41.83,0.0,84.18,53.6,7.79
177626.0,33.56,0.13,79.37,57.3,14.61
176605.0,38.26,0.0,80.47,52.28,9.56
175683.0,46.21,0.0,80.8,53.42,9.72
170036.0,41.9,0.0,76.84,58.15,10.65
157316.0,42.79,0.0,75.6,51.68,9.84
150101.0,44.94,0.0,79.45,49.37,6.57
175173.0,49.51,0.0,80.5,49.14,7.18
176862.0,50.89,0.0,80.2,49.47,7.02
173944.0,52.07,0.0,79.19,47.19,4.92
175617.0,40.97,0.0,80.83,50.59,5.55
174223.0,48.7,0.03,74.85,51.18,11.46
154542.0,50.91,0.01,78.52,49.3,6.61
147230.0,43.92,0.08,79.52,52.93,13.29
171624.0,32.6,0.0,69.58,45.82,12.28
176088.0,35.1,0.0,72.08,42.6,4.87
177338.0,46.87,0.0,72.39,45.35,7.34
177871.0,51.15,0.0,73.1,43.32,6.31
168983.0,48.92,0.0,68.47,41.4,6.58
153254.0,47.33,0.0,69.34,46.69,8.52
149203.0,44.44,0.0,70.98,47.15,8.88
172210.0,45.39,0.0,71.9,45.19,8.5
178590.0,48.59,0.0,71.86,44.16,7.59
181539.0,55.46,0.0,70.34,40.02,6.19
183957.0,50.67,0.0,68.0,44.54,7.77
181760.0,52.42,0.02,68.6,45.03,15.05
158318.0,53.73,0.0,65.26,47.78,13.56
151634.0,57.06,0.0,63.27,43.28,11.75
174860.0,74.13,1.08,57.4,47.94,9.39
178412.0,72.26,0.57,62.08,45.81,8.99
176470.0,74.74,0.0,62.83,39.3,6.02
181948.0,73.52,0.0,63.06,36.71,6.07
182379.0,67.25,0.02,65.14,36.51,6.08
162491.0,58.37,0.86,54.93,46.23,12.33
155950.0,77.16,0.0,56.24,42.51,11.2
179986.0,59.86,0.0,51.98,39.2,13.84
181403.0,70.11,0.05,51.31,35.71,9.05
177894.0,71.77,0.0,54.12,34.23,6.46
176485.0,66.06,0.0,56.36,35.08,9.46
174744.0,73.08,0.51,53.05,39.88,9.43
160866.0,81.34,0.0,54.07,37.07,5.54
147309.0,80.33,0.0,57.11,33.48,6.14
174837.0,71.14,0.0,59.02,35.15,7.51
173440.0,62.87,0.0,58.51,33.83,7.07
175734.0,67.25,0.04,55.72,34.47,6.56
180569.0,61.03,0.2,57.69,35.93,5.77
184730.0,73.16,0.0,57.85,32.88,6.21
162817.0,80.44,0.0,56.1,31.34,5.68
152837.0,70.54,0.0,57.43,32.21,4.71
173955.0,67.73,0.0,56.33,29.09,7.18
177946.0,63.21,0.02,52.88,33.76,6.49
182887.0,67.89,0.09,49.37,33.43,11.86
194460.0,63.75,0.0,49.18,29.58,8.6
193283.0,77.14,0.04,47.76,30.42,7.85
169335.0,78.38,1.44,44.52,30.55,6.93
154758.0,76.94,0.0,51.19,28.15,6.16
184708.0,79.43,0.0,49.71,26.92,5.98
190434.0,80.08,0.0,50.29,27.57,5.01
183766.0,72.24,0.0,49.58,24.13,4.54
151270.0,74.82,0.0,49.51,28.84,4.28
151787.0,62.59,0.0,50.17,30.02,6.38
150106.0,80.83,0.0,49.54,27.62,6.2
153051.0,75.68,0.0,48.23,29.15,5.96
185011.0,77.7,0.3,45.82,30.99,8.18
192094.0,79.44,0.0,47.5,26.67,4.82
200093.0,81.2,0.0,48.24,25.58,5.55
198578.0,78.88,0.0,44.38,23.02,6.46
198900.0,82.2,0.16,45.55,25.54,6.12
176464.0,83.1,0.07,46.34,27.06,4.91
164946.0,79.91,0.0,44.79,27.04,8.39
191168.0,84.63,0.01,42.99,28.94,7.13
200532.0,85.57,2.57,37.11,32.08,10.49
201634.0,85.44,0.11,37.15,25.04,6.09
203090.0,71.89,0.0,37.0,17.88,5.69
199145.0,70.99,0.07,33.01,18.76,6.05
186293.0,74.31,0.0,32.39,12.99,7.22
181630.0,79.46,0.0,31.76,14.51,5.69
202116.0,84.23,0.0,30.26,12.16,5.68
203492.0,80.82,0.0,35.71,21.37,7.81
197208.0,94.31,0.0,35.13,16.02,5.13
192426.0,84.0,0.0,32.73,13.01,6.41
197524.0,97.44,0.0,32.29,17.0,4.93
183613.0,99.12,0.0,30.51,16.52,5.21
177720.0,96.96,0.09,27.62,16.14,5.0
197535.0,93.13,0.12,30.36,16.54,5.58
198599.0,82.49,0.31,30.34,21.31,10.38
192756.0,76.98,0.03,30.71,17.62,9.51
190667.0,90.5,0.0,25.89,12.42,5.62
184914.0,78.56,0.0,26.11,13.48,6.08
166142.0,80.68,0.0,25.65,8.08,6.19
155276.0,90.57,0.0,25.24,8.65,5.85
160452.0,80.91,0.0,24.89,8.49,5.54
185747.0,78.52,0.0,24.85,7.15,5.38
193904.0,71.5,0.03,28.6,7.71,5.64
191889.0,69.02,0.01,30.69,12.49,6.08
173854.0,84.94,0.0,28.82,9.66,5.99
161876.0,71.47,0.0,31.25,9.92,5.6
157718.0,84.37,0.0,29.61,10.86,3.81
180793.0,89.98,0.0,30.81,8.76,5.19
213339.0,83.85,0.0,26.98,9.48,5.58
213673.0,74.94,0.0,26.77,6.8,6.06
202213.0,83.06,0.01,25.43,6.9,5.05
189140.0,85.21,0.0,26.6,6.53,6.43
168438.0,75.08,0.0,29.14,10.94,5.76
165920.0,77.56,0.0,28.71,8.54,6.05
194214.0,76.72,0.0,27.67,10.13,5.43
194794.0,75.38,0.0,28.08,8.49,5.24
196498.0,78.09,0.0,27.75,7.34,6.56
194996.0,83.95,0.0,28.56,5.73,5.87
214718.0,88.07,0.0,28.01,5.58,4.53
195819.0,80.64,0.02,29.83,6.49,6.44
183840.0,81.59,0.0,27.98,9.73,6.34
201870.0,70.3,0.02,30.77,15.28,6.33
194871.0,74.0,0.0,32.68,13.09,3.29
209051.0,85.67,1.3,28.08,11.65,12.74
217490.0,94.9,0.41,22.77,6.7,6.61
216611.0,86.03,0.54,19.74,9.53,9.8
194463.0,83.9,0.35,16.83,4.96,6.71
182719.0,82.82,0.06,16.07,0.7,7.38
193628.0,82.95,0.0,15.78,1.44,5.6
205489.0,86.14,0.0,18.78,-1.87,6.34
204570.0,81.06,0.0,21.26,-2.44,7.15
202078.0,67.96,0.0,19.72,-1.95,6.89
196961.0,63.18,0.19,26.06,9.04,6.94
184174.0,86.91,0.0,24.28,3.13,5.49
178886.0,83.16,0.0,23.67,2.07,4.2
204376.0,86.04,0.0,26.34,2.04,7.11
189570.0,73.03,0.0,31.02,7.13,5.3
183609.0,69.25,0.0,32.64,6.56,6.27
194124.0,75.67,0.0,31.99,9.09,6.06
189616.0,79.73,0.0,32.72,7.52,4.44
174962.0,75.46,0.25,36.28,15.86,4.18
165403.0,68.88,0.23,38.72,19.53,12.7
190883.0,59.66,0.0,38.14,19.24,11.53
200799.0,65.06,0.05,35.06,16.65,8.11
203588.0,71.94,0.16,33.44,18.79,6.99
202836.0,62.11,0.01,32.92,13.12,5.92
201608.0,71.47,0.0,32.0,12.74,6.69
193526.0,72.38,0.0,34.7,15.53,5.45
188735.0,68.99,0.0,37.33,14.59,5.13
205631.0,65.81,0.0,39.23,15.0,8.48
202326.0,63.16,0.1,36.54,23.32,6.06
197394.0,67.28,0.03,37.75,18.43,4.64
195127.0,60.39,0.0,36.07,16.92,3.8
190250.0,58.31,0.0,38.5,13.62,5.75
174196.0,47.0,0.0,39.85,16.78,8.88
172232.0,61.09,0.0,41.01,18.51,9.51
194698.0,63.55,0.01,43.17,24.1,7.68
199454.0,58.77,0.13,41.5,28.11,7.08
188364.0,69.27,0.15,45.98,29.19,13.14
192121.0,66.2,0.09,40.64,29.52,12.78
192016.0,70.91,0.02,39.21,23.89,5.94
184130.0,78.38,0.01,40.31,21.89,7.94
170526.0,72.06,0.0,41.13,21.55,6.34
189178.0,67.41,0.01,45.15,25.33,9.23
194463.0,74.19,0.0,50.05,30.5,12.21
190881.0,80.98,0.0,45.49,28.19,9.06
191881.0,70.79,0.0,46.21,24.99,7.85
190169.0,64.87,0.0,48.78,29.32,8.85
177294.0,61.67,0.0,46.83,26.89,8.87
173322.0,61.38,0.01,43.89,30.8,11.76
201090.0,64.08,0.56,39.53,29.93,6.85
199720.0,65.08,0.22,44.83,29.46,7.69
182642.0,67.37,0.0,48.03,28.44,6.62
182850.0,64.36,0.0,48.4,29.69,6.1
188927.0,68.12,0.19,49.63,29.14,6.86
169235.0,59.87,0.0,51.8,31.21,9.28
144633.0,40.52,0.0,54.35,29.57,8.68
174159.0,45.32,0.0,55.17,30.27,9.93
173050.0,41.01,0.0,58.02,34.08,9.88
174819.0,37.49,0.0,64.37,40.24,18.02
172242.0,37.8,0.0,62.4,36.39,6.64
170487.0,41.56,0.0,60.64,37.32,6.93
152310.0,41.84,0.0,64.6,36.18,10.57
144749.0,41.73,0.11,61.09,42.49,12.2
172880.0,49.07,1.08,58.43,42.5,16.19
180867.0,77.1,7.06,48.12,41.04,11.68
183823.0,86.19,4.66,49.07,38.95,7.57
182674.0,76.96,0.33,50.77,40.57,8.39
176534.0,67.65,0.0,56.54,35.21,7.69
153149.0,64.58,0.0,58.38,37.69,6.07
143355.0,70.61,0.1,58.92,39.11,4.33
173588.0,70.28,0.0,60.11,40.94,11.3
182771.0,67.23,0.0,65.31,42.59,10.33
174865.0,40.04,0.0,65.72,41.16,8.5
174707.0,47.55,0.0,69.92,40.49,9.62
176091.0,35.76,0.01,71.29,48.07,15.26
162417.0,38.23,0.0,76.85,46.06,13.08
150836.0,37.98,0.0,79.41,47.31,7.59
174727.0,27.18,0.0,70.67,53.34,20.83
177948.0,28.6,0.02,72.17,50.38,10.64
172678.0,29.55,0.0,76.64,49.59,7.24
174905.0,27.15,0.0,75.31,54.13,19.38
159627.0,29.84,0.0,72.3,50.71,12.31
148311.0,32.66,0.0,75.59,50.17,9.54
138510.0,29.3,0.0,77.51,48.07,7.29
168726.0,24.02,0.0,77.87,51.05,7.99
183184.0,31.64,0.0,70.45,54.98,24.17
184810.0,22.03,0.0,62.85,54.38,16.76
179128.0,24.33,0.0,63.94,50.63,8.57
174381.0,30.89,0.05,67.2,51.98,7.79
158020.0,33.7,0.0,71.16,44.28,8.19
145769.0,32.82,0.01,70.0,50.54,14.38
174231.0,35.47,0.02,76.25,50.58,9.8
171532.0,34.12,0.11,77.36,51.56,6.41
174934.0,24.38,0.0,80.59,48.59,6.5
172950.0,22.39,0.0,85.06,48.68,6.93
171665.0,22.46,0.0,87.95,49.64,12.43
156045.0,24.27,0.0,89.82,52.64,7.93
153326.0,16.36,0.0,91.99,57.39,19.93
179147.0,12.22,0.0,83.16,60.15,17.25
178870.0,18.46,0.0,75.31,56.5,14.99
174632.0,19.58,0.0,79.32,51.0,11.03
175949.0,19.62,0.0,84.36,52.79,12.71
174990.0,15.25,0.0,86.77,52.4,9.9
162744.0,24.08,0.0,85.33,58.08,18.88
149206.0,35.91,0.11,74.37,63.5,17.91
173518.0,29.13,0.05,75.41,63.4,17.07
175316.0,32.13,0.27,78.42,61.13,20.06
186101.0,37.7,0.0,77.5,61.29,12.93
205720.0,39.01,0.44,78.46,59.31,10.15
195990.0,44.01,0.09,80.68,56.82,9.01
158121.0,21.78,0.0,83.13,56.27,8.6
145519.0,28.49,0.0,82.89,55.42,9.33
176485.0,29.59,0.0,86.25,60.14,17.14
178640.0,52.22,1.15,70.77,60.87,19.4
174550.0,48.12,0.0,76.05,52.21,10.31
171826.0,41.24,0.02,84.62,54.76,13.53
173305.0,29.67,0.0,73.15,59.93,19.57
151787.0,29.71,0.02,76.89,56.48,10.2
142763.0,30.19,0.0,82.37,54.33,8.36
175025.0,25.21,0.0,85.86,57.91,9.13
182360.0,22.29,0.0,86.18,58.84,11.65
174651.0,27.25,0.0,88.1,58.49,9.11
172361.0,23.32,0.0,89.99,62.0,7.42
174343.0,24.1,0.0,89.27,67.0,14.94
162242.0,33.87,0.15,90.54,67.23,18.26
166929.0,23.65,0.01,88.91,60.31,11.9
199706.0,52.41,2.97,80.61,60.04,22.78
182653.0,59.63,0.12,67.85,57.12,8.92
186784.0,61.48,2.28,72.27,56.51,6.91
203728.0,52.12,0.24,79.16,57.51,8.48
216476.0,41.83,0.0,83.65,56.14,8.54
183486.0,37.89,0.0,89.47,60.87,10.0
175961.0,32.24,0.04,91.11,64.86,6.71
198109.0,20.74,0.0,88.14,66.68,18.63
217274.0,27.95,0.0,90.67,67.9,17.2
195824.0,35.56,0.01,92.21,66.37,13.29
181384.0,26.17,0.04,89.35,72.19,17.16
174417.0,40.51,0.04,81.23,67.88,15.61
149701.0,44.49,0.61,80.77,64.9,9.5
146425.0,51.11,0.33,81.2,59.84,8.57
174364.0,31.14,1.14,82.64,62.65,9.0
171444.0,42.15,0.12,88.46,56.55,7.68
174176.0,35.04,0.0,87.31,65.06,12.5
182669.0,35.43,0.06,88.47,65.56,11.04
188859.0,32.53,0.0,92.08,64.81,10.69
182733.0,32.88,0.04,87.25,67.41,15.25
191179.0,39.72,0.03,84.39,67.01,13.51
209179.0,37.82,0.29,89.21,66.28,6.08
216467.0,31.84,0.01,91.7,64.78,9.68
183215.0,28.29,0.13,90.53,66.65,14.64
185164.0,31.08,0.22,88.9,65.45,8.9
202929.0,32.32,0.09,86.1,67.28,12.52
194217.0,37.3,0.27,89.53,62.64,15.04
177628.0,38.2,0.0,90.24,67.49,16.03
212460.0,32.87,0.0,94.12,67.26,10.28
239248.0,26.78,0.01,96.66,69.5,10.42
249663.0,34.86,0.03,97.72,73.32,14.53
250671.0,32.18,0.38,97.84,71.58,11.97
221283.0,27.26,0.09,92.93,75.44,12.7
183315.0,40.93,0.85,86.64,68.78,13.54
177071.0,51.4,2.19,81.05,65.04,11.53
194045.0,61.13,0.99,84.09,66.49,8.52
186282.0,57.74,1.72,81.14,66.53,11.03
201789.0,56.69,2.18,81.19,67.55,6.84
239435.0,63.32,0.26,83.74,67.61,8.32
255675.0,47.53,0.87,89.22,68.01,6.26
200924.0,41.94,0.01,93.3,69.19,9.77
208007.0,32.61,0.0,96.31,69.28,9.24
227990.0,28.47,0.09,99.82,71.2,8.73
220306.0,30.08,0.0,98.96,72.57,11.95
221452.0,25.89,0.03,93.39,74.69,16.61
225275.0,46.03,0.84,84.27,69.68,15.15
249244.0,42.19,0.04,87.72,62.05,7.12
246578.0,35.89,0.14,87.14,66.09,11.24
209359.0,35.79,0.0,91.5,66.2,8.91
215807.0,30.85,0.0,92.91,67.24,15.76
215982.0,37.18,0.05,94.47,69.34,11.45
213180.0,37.31,0.25,92.89,69.93,15.36
225383.0,47.81,0.17,86.83,70.34,12.0
226972.0,42.56,0.05,89.07,63.76,14.91
192079.0,35.55,0.0,90.16,65.29,9.02
204474.0,30.79,0.0,91.45,68.24,11.55
247654.0,38.23,0.46,88.83,69.57,15.27
266811.0,60.18,0.07,85.55,62.24,10.06
263240.0,47.06,0.8,89.68,64.66,13.89
228440.0,57.82,1.87,75.96,65.61,10.54
198923.0,74.03,2.57,74.83,64.11,6.88
180865.0,66.26,0.12,86.95,64.68,5.36
199134.0,54.81,0.0,94.58,69.65,8.44
246421.0,40.73,0.22,88.89,71.29,12.74
246095.0,49.83,0.14,87.39,69.77,5.21
220482.0,57.33,0.62,83.24,68.86,10.0
247063.0,63.5,0.79,89.03,65.59,6.56
229060.0,56.5,0.52,83.39,69.7,12.3
187622.0,70.58,0.19,89.71,63.73,8.89
181323.0,50.84,0.25,96.14,67.15,7.03
217833.0,40.97,0.36,94.03,72.66,6.67
231966.0,40.69,0.11,95.44,70.71,12.91
230333.0,45.82,0.02,90.16,78.22,10.52
224885.0,46.44,1.29,91.37,72.06,10.21
241641.0,53.5,0.1,86.22,66.44,10.92
229378.0,41.68,0.16,82.98,65.71,12.22
203820.0,42.32,0.0,88.64,61.89,5.89
211619.0,40.61,0.0,89.16,67.33,8.93
214630.0,37.25,0.0,88.07,68.26,10.67
226098.0,59.73,1.02,81.44,68.85,9.94
212521.0,55.5,0.62,89.58,65.22,9.58
192691.0,44.06,0.0,94.39,66.47,7.63
157015.0,43.98,0.0,97.45,66.23,5.46
158634.0,28.76,0.57,90.63,75.24,13.82
193664.0,58.54,2.5,77.42,69.99,20.43
193478.0,49.32,0.7,83.45,68.8,10.83
197772.0,54.34,0.11,90.3,64.63,6.68
206387.0,40.35,0.0,94.21,64.96,9.05
198494.0,30.84,0.0,94.96,66.51,11.06
163573.0,35.01,0.0,97.94,67.81,8.1
153835.0,34.83,0.22,93.44,73.92,11.62
182751.0,39.39,0.26,91.34,71.45,14.41
184473.0,33.35,0.0,93.57,67.29,8.69
190258.0,35.06,0.0,94.61,68.21,7.08
200594.0,46.54,0.0,94.78,72.03,11.72
211098.0,36.43,0.02,91.24,68.3,11.83
201677.0,46.7,0.15,90.57,75.14,12.82
193688.0,42.51,0.0,90.9,66.51,11.84
206877.0,43.14,0.16,91.32,65.74,8.26
210355.0,51.76,0.19,94.05,66.31,13.84
195036.0,31.48,0.0,94.61,69.4,13.19
196465.0,30.0,0.0,93.22,64.34,9.6
216086.0,34.56,0.0,85.76,67.38,18.29
197738.0,36.04,0.0,85.47,61.56,9.81
177375.0,37.92,0.0,88.18,61.64,9.06
191849.0,39.53,0.0,89.42,61.71,8.1
212407.0,38.03,0.0,90.64,60.58,6.8
215096.0,41.02,0.0,88.46,63.41,9.05
222527.0,33.45,0.0,91.02,68.19,10.05
208899.0,38.44,0.0,85.91,67.07,13.19
166016.0,51.52,0.0,86.85,66.72,9.09
147891.0,42.09,0.0,87.3,61.69,8.42
173635.0,39.46,0.0,87.19,60.73,14.17
178697.0,35.76,0.0,86.83,63.26,11.8
186506.0,28.09,0.0,84.42,59.29,10.73
194857.0,42.18,0.0,85.7,58.16,6.73
180924.0,42.14,0.01,79.72,62.22,10.14
151872.0,57.19,0.25,80.62,59.75,12.12
146132.0,44.66,0.0,79.64,59.29,9.32
173634.0,42.28,0.0,79.95,58.27,11.57
176450.0,57.81,0.0,76.07,62.89,15.46
167183.0,53.08,0.0,80.3,59.33,9.37
170906.0,51.61,0.0,80.24,60.47,8.96
170610.0,44.08,0.0,79.6,56.16,9.69
150143.0,42.35,0.0,78.49,57.61,9.45
143083.0,25.54,0.0,75.73,52.08,13.27
168755.0,32.87,0.0,76.44,51.66,8.8
173302.0,38.08,0.0,76.83,51.9,10.0
175330.0,39.59,0.0,76.6,52.44,11.53
169837.0,41.92,0.0,80.78,49.42,6.79
166133.0,40.7,0.0,82.27,50.1,9.42
146120.0,39.24,0.0,80.97,50.27,7.44
140809.0,40.76,0.03,73.8,53.06,5.26
166832.0,41.5,0.0,77.11,49.7,9.7
171957.0,31.19,0.0,76.12,49.03,8.58
174580.0,35.6,0.0,75.97,47.82,7.82
173969.0,40.09,0.0,72.51,45.62,7.87
169664.0,48.07,0.0,72.94,46.36,5.87
149365.0,50.05,0.73,69.02,47.32,10.54
149019.0,50.38,0.0,68.66,41.97,10.72
175162.0,44.39,0.0,71.34,42.93,5.08
176204.0,43.19,0.0,72.23,40.8,6.41
174768.0,43.21,0.0,74.94,46.07,11.94
176662.0,43.21,0.0,77.4,41.37,8.88
171474.0,35.15,0.0,76.61,49.55,6.52
155391.0,36.39,0.0,75.51,51.02,6.57
144341.0,38.93,0.0,75.7,46.66,11.16
168371.0,32.44,0.0,74.83,42.68,8.51
174184.0,32.33,0.0,67.73,43.81,11.17
174673.0,42.84,0.0,70.02,43.63,6.44
173073.0,48.09,0.3,67.26,39.55,7.25
172118.0,44.16,0.02,67.17,48.89,15.37
154632.0,28.3,0.0,58.2,36.54,10.7
147021.0,37.76,0.0,60.22,31.5,7.85
174644.0,34.25,0.0,64.04,31.17,11.29
175636.0,38.3,0.0,64.07,36.13,6.9
177282.0,37.07,0.0,65.68,38.94,7.13
177020.0,45.89,0.0,62.91,37.62,6.5
171324.0,40.49,0.0,67.73,38.17,7.93
156202.0,46.56,0.0,66.32,36.8,6.13
155955.0,51.89,0.0,67.37,40.32,4.28
185631.0,44.91,0.0,65.61,36.2,7.99
181155.0,51.03,0.0,61.23,33.86,5.32
184294.0,55.9,0.0,64.41,36.23,8.3
186299.0,46.58,0.0,67.25,35.69,8.08
186025.0,44.14,0.0,71.16,39.93,18.09
167900.0,30.87,0.0,51.92,39.09,13.94
159740.0,33.69,0.0,52.25,27.63,6.55
189711.0,31.07,0.02,54.93,28.82,9.18
186054.0,48.05,0.0,53.32,30.58,5.89
188317.0,38.44,0.0,50.44,24.98,9.78
187744.0,44.59,0.0,52.83,31.94,9.08
179899.0,39.48,0.0,48.24,27.83,16.59
153997.0,45.0,0.0,43.1,23.22,10.78
144246.0,38.35,0.0,45.67,22.5,5.4
173521.0,45.66,0.0,46.04,23.15,5.89
189941.0,45.24,0.0,45.38,26.8,5.51
191474.0,55.66,0.0,47.88,29.04,8.05
190630.0,58.87,0.0,46.22,24.58,4.49
184006.0,44.93,0.0,45.04,24.46,7.88
166758.0,50.65,0.0,50.17,26.93,10.06
160421.0,54.47,0.0,47.88,28.64,4.46
184288.0,54.6,0.0,46.77,23.04,7.54
183849.0,47.94,0.02,45.4,23.54,8.39
176792.0,51.39,0.05,44.17,30.04,7.43
144138.0,58.74,0.0,40.04,21.97,7.26
152679.0,74.22,0.0,37.03,19.15,6.15
167356.0,68.08,0.0,41.68,20.44,9.74
166523.0,66.55,0.0,39.07,18.1,6.82
189797.0,67.17,0.0,38.34,13.8,7.43
196373.0,67.49,0.0,40.43,16.47,6.47
197293.0,74.33,0.0,39.83,18.82,5.99
195510.0,68.02,0.35,35.85,25.52,6.66
188316.0,64.24,0.0,43.57,21.91,13.43
167663.0,73.14,0.0,41.13,19.47,9.01
159623.0,51.34,0.0,44.68,23.06,12.76
178809.0,64.0,0.0,38.47,14.41,5.79
182076.0,67.23,0.0,42.21,15.19,7.24
194419.0,72.67,0.0,38.4,12.82,5.07
196799.0,63.26,0.0,40.72,14.47,7.48
188531.0,78.66,0.0,44.81,17.53,4.88
169400.0,77.93,0.0,43.3,17.04,4.89
167982.0,83.31,0.0,38.67,19.14,4.26
189861.0,73.37,0.0,41.2,14.6,4.45
201880.0,72.84,0.0,39.99,14.92,5.1
201751.0,74.84,0.01,38.64,18.9,7.19
200511.0,76.37,0.01,38.04,22.34,7.61
193985.0,72.58,0.0,36.08,18.27,8.11
178450.0,78.35,0.0,36.17,17.65,6.07
159138.0,69.55,0.17,33.63,17.89,7.13
185280.0,65.19,0.0,34.66,11.39,5.37
193085.0,72.64,0.01,29.66,11.98,8.35
192787.0,64.45,0.0,28.0,16.35,6.1
196514.0,81.95,0.03,30.44,12.97,12.7
199284.0,92.48,0.11,21.98,11.95,5.49
182524.0,80.78,0.52,21.51,9.56,6.44
173832.0,86.23,0.1,18.89,7.43,8.17
171202.0,90.71,0.0,23.06,6.43,7.35
159181.0,75.11,0.0,25.13,4.75,4.75
187294.0,63.65,0.07,22.04,8.07,6.92
191913.0,71.34,0.0,29.53,11.91,10.2
190192.0,73.76,0.33,25.89,16.43,8.89
179252.0,73.84,0.04,25.47,11.82,7.24
177433.0,85.79,0.0,25.75,4.69,7.86
180540.0,90.88,0.0,23.72,1.67,6.28
169861.0,89.0,0.0,19.87,-3.71,5.93
205432.0,84.0,0.0,26.73,4.23,8.25
213705.0,88.0,0.0,22.08,3.63,6.11
205338.0,88.0,0.0,19.67,5.59,6.29
185442.0,88.0,0.0,20.7,-2.4,5.41
176332.0,82.0,0.0,21.51,-0.04,6.38
199370.0,79.0,0.0,23.43,-0.35,6.26
201535.0,77.0,0.0,24.1,-0.92,6.6
194680.0,85.0,0.0,24.93,-0.8,7.25
197573.0,80.0,0.0,25.77,0.95,6.42
188371.0,74.0,0.0,28.31,1.18,6.13
161409.0,75.0,0.0,22.21,3.56,9.48
155473.0,71.0,0.0,34.7,15.96,8.66
195690.0,91.0,0.0,32.77,10.96,5.66
203696.0,76.0,0.0,33.46,10.13,4.68
201288.0,69.0,0.0,32.95,12.29,6.38
200285.0,65.0,0.0,31.87,15.39,6.4
202403.0,69.0,0.0,31.77,11.86,7.4
172507.0,77.0,0.0,33.73,9.32,6.93
172366.0,78.0,0.0,32.54,9.34,5.88
207679.0,76.0,0.0,33.89,10.63,6.46
225840.0,75.0,0.0,34.47,10.56,5.99
225784.0,69.0,0.0,34.57,13.66,5.03
219003.0,74.0,0.0,38.26,11.03,5.19
219317.0,75.0,0.0,39.51,13.01,5.86
194635.0,69.0,0.0,40.17,15.04,5.35
186603.0,71.0,0.0,39.78,13.21,7.09
199678.0,52.0,0.0,40.17,22.17,7.02
188463.0,63.0,0.0,42.55,19.87,6.82
182211.0,67.0,0.0,44.67,18.12,8.34
208803.0,61.0,0.0,40.71,21.69,8.3
218572.0,64.0,0.0,41.22,18.09,6.06
200605.0,66.0,0.0,41.92,19.47,6.38
187629.0,59.0,0.0,45.99,23.56,6.82
212262.0,59.0,0.0,40.96,26.51,5.79
208959.0,68.0,0.0,44.92,22.8,5.01
205631.0,57.0,0.0,44.56,25.88,7.18
202992.0,84.0,1.29,45.43,28.08,8.25
204116.0,73.0,0.0,43.95,18.5,6.42
186539.0,67.0,0.0,45.3,21.99,7.85
175978.0,61.0,0.0,39.38,28.02,9.71
192138.0,74.0,0.4,35.85,26.1,5.17
202176.0,68.0,0.0,39.63,16.88,9.35
203052.0,63.0,0.0,41.25,19.72,4.83
202038.0,50.0,0.0,40.95,16.65,5.48
197382.0,58.0,0.0,42.17,15.44,7.47
184615.0,41.0,0.0,44.47,21.13,7.09
184465.0,50.0,0.0,37.81,22.06,10.92
204712.0,46.0,0.0,35.15,14.68,5.61
207477.0,49.0,0.0,39.13,14.45,3.02
218120.0,49.0,0.0,42.67,21.16,7.38
215938.0,48.0,0.0,44.01,17.62,5.08
208074.0,45.0,0.0,45.05,24.85,7.45
179298.0,47.0,0.0,45.63,28.69,4.65
176030.0,45.0,0.0,48.97,25.38,7.34
196180.0,41.0,0.0,52.36,27.55,5.41
204232.0,42.0,0.0,52.14,29.84,5.44
199856.0,46.0,0.0,50.11,31.12,6.93
203040.0,63.0,0.0,49.01,35.44,7.94
201878.0,59.0,0.0,50.0,28.9,6.26
186409.0,55.0,0.0,54.63,28.47,6.26
182262.0,49.0,0.0,57.11,29.55,10.04
201916.0,32.0,0.0,60.1,30.81,11.07
202955.0,34.0,0.0,63.97,30.51,10.04
197929.0,47.0,0.0,63.79,31.77,5.82
196471.0,43.0,0.0,67.5,33.58,7.38
194910.0,33.0,0.0,66.79,43.27,11.74
171168.0,41.0,0.0,56.19,45.68,18.28
146501.0,54.0,0.0,56.14,42.73,4.74
178937.0,49.0,0.0,59.22,36.46,6.08
195743.0,48.0,0.0,59.67,34.88,7.67
200667.0,45.0,0.0,60.64,34.61,6.22
200034.0,35.0,0.0,63.63,43.36,7.4
193649.0,42.0,0.0,66.74,37.78,6.62
178143.0,43.0,0.0,66.09,35.62,5.97
171752.0,44.0,0.0,65.86,37.78,6.35
201896.0,48.0,0.0,67.37,36.21,7.05
204109.0,24.0,0.0,73.2,47.05,12.93
204611.0,39.0,0.0,72.73,41.49,5.79
210034.0,29.0,0.0,73.67,43.97,9.35
200674.0,30.0,0.0,72.97,50.05,10.38
177145.0,34.0,0.0,74.25,43.32,8.41
174311.0,31.0,0.0,76.33,44.76,8.66
197929.0,28.0,0.0,72.64,50.77,10.67
195743.0,24.0,0.0,77.7,56.3,9.73
193911.0,30.0,0.0,78.15,44.44,9.91
189553.0,34.0,0.0,78.53,46.38,7.61
167659.0,32.0,0.0,80.65,46.71,10.47
155462.0,28.0,0.0,81.01,49.89,7.96
147191.0,24.0,0.0,79.16,55.27,12.12
179755.0,31.0,0.0,75.74,50.79,10.11
193960.0,31.0,0.0,74.34,53.33,11.21
190411.0,24.0,0.0,72.79,47.07,9.42
189449.0,25.0,0.0,64.4,47.26,16.06
181987.0,31.0,0.0,63.72,42.78,6.38
165779.0,32.0,0.0,71.78,42.55,11.41
149295.0,28.0,0.0,75.24,44.94,7.29
174330.0,37.0,0.0,70.86,45.73,12.93
173266.0,26.0,0.0,70.9,52.72,11.1
177098.0,31.0,0.0,75.85,44.44,9.93
181645.0,29.0,0.0,77.13,48.69,7.31
181076.0,27.0,0.0,78.75,48.99,10.85
166143.0,24.0,0.0,79.02,49.37,10.58
155997.0,19.0,0.0,83.14,49.75,10.47
171834.0,25.0,0.0,83.61,55.45,7.78
173385.0,28.0,0.0,81.1,51.66,8.14
172337.0,21.0,0.0,74.75,62.02,17.47
175546.0,41.0,0.0,75.4,56.05,12.53
171950.0,34.0,0.0,70.36,57.72,11.3
161258.0,24.0,0.0,70.09,47.25,7.61
154137.0,31.0,0.0,75.94,52.32,5.41
174949.0,30.0,0.0,80.29,52.52,9.57
174628.0,31.0,0.0,85.55,53.37,9.95
176231.0,24.0,0.0,84.07,55.74,6.98
181844.0,28.0,0.0,82.8,53.92,6.04
176373.0,25.0,0.0,86.5,51.91,6.04
152202.0,27.0,0.0,85.5,59.76,17.49
147366.0,49.0,0.0,75.58,62.01,15.08
172051.0,41.0,0.0,74.59,57.54,13.4
173956.0,47.0,0.57,72.81,58.19,16.37
177931.0,51.0,0.35,71.38,60.58,16.37
176512.0,74.0,1.83,64.83,55.42,15.28
171903.0,63.0,0.0,73.24,56.28,12.35
146799.0,48.0,1.87,74.12,55.09,10.87
141404.0,37.0,0.0,77.83,49.37,5.75
168576.0,32.0,0.0,80.62,53.37,9.4
174438.0,34.0,0.0,77.23,54.7,8.95
174713.0,36.0,0.0,76.21,55.65,10.07
176400.0,36.0,0.0,80.8,56.48,8.95
173551.0,38.0,0.0,84.27,57.15,7.11
149182.0,28.0,0.15,83.66,62.08,9.66
145168.0,29.0,0.0,82.06,59.38,10.56
173107.0,46.0,0.16,71.06,58.95,14.14
174621.0,52.0,1.03,76.59,56.25,8.88
180149.0,54.0,0.0,78.01,52.05,7.36
180715.0,37.0,0.14,81.36,56.26,9.46
174075.0,36.0,0.12,83.37,58.26,7.65
157583.0,27.0,0.0,85.75,62.15,7.23
161205.0,27.0,0.0,87.22,58.28,6.15
208576.0,20.0,0.0,91.2,62.92,13.24
220544.0,30.0,0.11,92.07,61.79,18.01
212686.0,24.0,0.0,86.23,65.59,11.52
186264.0,31.0,0.0,81.27,67.32,11.56
168050.0,36.0,0.0,84.58,62.28,8.5
146762.0,31.0,0.0,87.15,64.45,17.07
136936.0,41.0,0.14,75.78,65.41,13.8
138825.0,88.0,21.54,64.9,56.05,13.65
178329.0,57.0,0.0,69.08,51.91,9.57
205795.0,56.0,0.0,75.67,53.11,17.9
220618.0,59.0,0.0,79.34,55.4,11.86
215721.0,54.0,0.0,84.92,57.29,8.05
186860.0,49.0,0.0,89.13,61.57,9.82
167193.0,36.0,0.29,93.31,66.74,10.38
172295.0,32.0,0.0,93.7,67.5,9.78
169315.0,25.0,0.0,91.78,70.57,10.04
172866.0,27.0,0.0,93.18,70.27,8.9
174801.0,30.0,0.39,89.71,69.21,13.76
168587.0,39.0,0.65,82.49,62.65,8.72
152605.0,59.0,0.0,82.54,61.41,11.52
154058.0,35.0,0.0,87.6,60.64,8.43
187378.0,35.0,0.0,95.2,60.49,12.26
192840.0,35.0,0.0,93.54,65.8,14.14
202480.0,36.0,0.0,90.64,74.52,9.84
187217.0,39.0,0.0,81.7,70.09,11.74
177818.0,53.0,1.54,77.61,63.5,14.0
162148.0,48.0,0.0,74.62,62.2,12.01
163472.0,57.0,0.12,75.63,60.06,6.42
203698.0,63.0,1.1,76.05,60.3,8.88
194509.0,67.0,1.37,73.58,59.13,10.29
182671.0,66.0,0.28,79.52,58.87,7.45
189626.0,57.0,0.66,84.09,61.3,9.8
203592.0,49.0,0.0,88.5,63.36,8.5
205184.0,43.0,0.32,91.85,65.64,9.51
210604.0,41.0,0.48,93.07,66.06,7.72
239563.0,34.0,0.0,94.1,69.19,9.84
235016.0,27.0,0.0,95.92,67.19,7.72
219840.0,31.0,0.0,98.82,68.9,11.74
213526.0,34.0,0.0,95.04,71.8,6.78
202184.0,38.0,0.0,89.19,73.72,9.98
172941.0,50.0,0.25,81.39,68.61,7.47
166437.0,46.0,0.0,87.3,63.52,6.35
184041.0,57.0,0.0,82.08,70.77,11.39
193015.0,63.0,0.0,85.01,64.85,7.25
208851.0,49.0,0.0,92.73,65.01,10.49
180098.0,42.0,0.0,97.57,69.1,10.49
186648.0,35.0,0.0,95.76,70.52,16.55
187703.0,37.0,0.0,93.61,70.29,13.13
180582.0,36.0,0.0,83.75,73.81,15.19
214868.0,57.0,0.5,80.65,63.34,8.05
224561.0,51.0,0.97,80.47,61.3,8.03
221704.0,57.0,1.68,74.37,61.48,11.9
201067.0,68.0,0.47,79.05,58.98,11.43
195718.0,59.0,0.0,85.71,62.08,10.31
191148.0,48.0,0.0,92.53,63.68,8.1
207739.0,39.0,0.0,91.4,65.71,11.01
250991.0,60.0,0.13,89.17,70.65,16.46
257126.0,42.0,0.0,92.41,65.59,6.4
262721.0,34.0,0.0,88.74,68.61,6.93
268560.0,41.0,0.0,91.89,63.45,9.22
266845.0,40.0,0.0,89.49,70.75,9.08
207791.0,43.0,0.0,88.88,67.78,8.63
197159.0,45.0,0.0,90.9,67.39,6.8
204829.0,60.0,0.47,80.44,67.03,10.31
214185.0,56.0,0.0,86.52,64.08,6.98
189332.0,37.0,0.14,87.76,65.82,7.16
183334.0,36.0,0.0,88.61,64.31,8.5
189785.0,45.0,0.0,89.62,67.62,9.55
166450.0,41.0,0.0,93.74,65.07,5.61
152410.0,42.0,0.0,96.53,68.99,8.79
176604.0,38.0,0.0,98.38,71.4,7.81
185177.0,28.0,0.0,103.77,74.25,10.45
193565.0,28.0,0.0,100.94,73.29,13.4
198745.0,31.0,0.0,101.8,74.64,16.55
183256.0,34.0,0.0,101.93,79.25,18.25
173549.0,37.0,0.0,99.81,77.67,14.74
156424.0,35.0,0.0,98.15,80.76,15.64
177930.0,37.0,0.0,95.0,74.93,11.79
189583.0,35.0,0.0,99.01,71.96,9.46
200232.0,35.0,0.0,98.76,73.53,10.29
213574.0,34.0,0.0,96.87,73.65,15.73
202344.0,41.0,0.0,96.17,73.27,8.32
175288.0,37.0,0.0,92.88,73.65,14.32
171721.0,38.0,0.0,93.99,71.19,12.41
201049.0,40.0,0.0,92.5,73.72,13.06
192069.0,47.0,0.11,85.39,74.98,15.64
175744.0,62.0,0.74,80.56,66.25,9.24
177548.0,60.0,0.0,85.03,63.95,4.16
178040.0,48.0,0.0,84.54,65.07,8.3
163295.0,48.0,0.32,81.52,66.31,7.27
160642.0,62.0,0.0,85.86,59.47,5.86
199055.0,44.0,0.0,86.77,65.39,10.27
208615.0,58.0,0.49,78.91,66.79,18.63
219341.0,52.0,0.0,84.83,64.8,9.69
219117.0,43.0,0.0,90.68,66.54,7.81
212154.0,41.0,0.0,94.14,71.62,12.68
176722.0,41.0,0.0,95.77,71.67,17.07
177258.0,49.0,0.0,81.86,74.07,20.38
220591.0,43.0,0.0,88.7,62.24,6.93
227566.0,34.0,0.0,88.9,63.3,13.0
223624.0,41.0,0.0,91.35,63.34,11.45
230608.0,46.0,0.0,88.66,66.81,7.87
227049.0,46.0,0.25,86.4,68.11,7.49
203651.0,33.0,0.0,88.09,61.66,8.46
186190.0,41.0,0.0,83.53,66.65,10.69
178731.0,39.0,0.12,84.11,63.95,7.67
177125.0,45.0,0.0,82.42,62.33,11.5
186412.0,49.0,0.0,80.4,61.59,8.63
187769.0,49.0,0.1,78.75,62.92,9.62
178581.0,51.0,0.26,82.72,59.63,6.17
166987.0,46.0,0.0,84.51,59.41,5.28
166662.0,35.0,0.0,86.7,57.52,5.7
190836.0,46.0,0.0,86.76,61.36,9.06
243012.0,41.0,0.0,88.39,59.27,7.18
249265.0,40.0,0.0,90.34,62.42,7.45
210500.0,37.0,0.0,89.46,59.7,6.87
173399.0,38.0,0.0,87.3,66.22,9.31
151259.0,47.0,0.0,80.73,65.21,11.21
145623.0,56.0,0.0,77.85,60.21,10.98
174024.0,77.0,1.0,70.09,56.93,9.35
174263.0,70.0,0.2,75.79,51.85,7.38
175340.0,47.0,0.15,76.46,51.85,5.66
184077.0,54.0,0.0,80.22,54.59,5.91
196947.0,49.0,0.0,81.88,55.81,5.82
165201.0,50.0,0.0,81.39,56.48,8.72
145447.0,38.0,0.0,72.73,59.68,17.6
170329.0,42.0,0.0,70.9,53.01,7.2
174293.0,43.0,0.0,74.28,51.51,8.14
175489.0,49.0,0.0,77.77,52.97,8.55
174681.0,41.0,0.0,80.04,50.29,8.43
170945.0,46.0,0.0,81.79,53.69,5.26
154330.0,41.0,0.0,83.75,56.07,4.52
148207.0,50.0,0.0,82.31,53.92,6.26
175079.0,54.0,0.0,78.37,53.76,6.91
179285.0,40.0,0.0,82.71,55.76,7.56
184336.0,54.0,0.0,84.47,54.03,12.46
188618.0,49.0,0.0,85.59,53.02,9.98
190679.0,50.0,0.0,85.37,52.88,9.71
170785.0,44.0,0.0,84.92,57.13,7.72
166746.0,44.0,0.0,86.31,52.92,6.13
171481.0,43.0,0.0,85.91,52.23,6.89
173200.0,41.0,0.0,86.85,53.71,5.91
170740.0,40.0,0.0,85.96,52.68,9.44
172560.0,42.0,0.0,84.4,51.06,6.17
171520.0,41.0,0.0,79.92,54.88,18.14
154730.0,44.0,0.0,70.48,55.2,14.79
149695.0,55.0,0.0,70.56,44.26,9.42
171472.0,49.0,0.0,67.51,46.71,7.76
174613.0,46.0,0.0,69.53,43.9,5.37
175194.0,44.0,0.0,70.81,42.85,5.75
173768.0,41.0,0.0,69.3,45.07,6.46
171927.0,53.0,0.0,70.66,48.58,8.72
158529.0,47.0,0.0,71.2,44.82,9.06
152697.0,47.0,0.0,69.8,43.59,8.63
175308.0,49.0,0.0,71.67,42.93,8.61
179601.0,42.0,0.0,71.22,45.84,7.67
185541.0,50.0,0.0,71.82,45.84,6.11
187434.0,49.0,0.0,70.83,44.96,6.4
183331.0,50.0,0.0,70.77,39.2,5.73
168648.0,59.0,0.0,68.9,38.84,5.64
158109.0,43.0,0.0,65.52,46.06,5.59
181678.0,66.0,0.25,59.13,46.26,10.63
180461.0,65.0,0.0,57.6,43.2,7.65
178648.0,69.0,0.0,60.19,35.17,5.79
176506.0,64.0,0.0,58.86,36.73,3.85
171323.0,59.0,0.0,60.49,39.74,3.71
158301.0,61.0,0.0,59.49,41.05,8.25
147027.0,63.0,0.0,58.73,35.87,3.89
183393.0,58.0,0.0,59.43,31.08,4.38
178230.0,63.0,0.0,59.31,31.77,5.03
176354.0,56.0,0.0,59.59,34.47,7.31
179546.0,60.0,0.0,58.05,31.89,4.65
184358.0,59.0,0.0,58.24,34.41,7.23
167537.0,61.0,3.64,44.53,36.05,18.86
160995.0,63.0,0.81,43.66,34.23,14.23
190783.0,72.0,0.0,44.33,31.44,5.01
199467.0,78.0,0.0,43.74,28.98,6.46
200132.0,73.0,0.0,45.7,28.24,7.52
194756.0,86.0,0.0,44.44,27.88,5.32
184466.0,79.0,0.0,44.76,25.41,5.06
163924.0,79.0,0.0,44.67,23.18,5.26
153523.0,70.0,0.0,46.15,23.68,5.03
184437.0,69.0,0.0,46.47,23.09,5.61
194013.0,68.0,0.0,46.09,23.86,3.69
196614.0,69.0,0.0,45.46,24.26,6.53
193646.0,78.0,5.15,38.52,30.18,9.98
188214.0,70.0,0.0,39.07,25.83,8.57
185855.0,76.0,0.0,35.29,19.83,7.05
192542.0,88.0,0.0,33.19,16.92,5.68
213308.0,75.0,0.0,38.8,18.61,5.28
203959.0,72.0,0.0,41.22,20.41,3.71
203825.0,79.0,0.0,42.55,22.06,3.51
174446.0,73.0,0.0,41.65,20.16,6.4
174970.0,77.0,0.0,42.84,22.98,3.51
175777.0,67.0,0.0,42.35,22.37,3.62
172602.0,63.0,0.0,45.43,23.22,3.89
195948.0,67.0,0.0,42.15,23.45,3.02
195650.0,70.0,0.0,44.73,23.36,5.32
191019.0,71.0,0.0,43.2,18.77,4.09
188013.0,82.0,0.0,41.09,19.09,6.17
203927.0,69.0,0.0,40.71,24.39,4.63
194054.0,73.0,0.0,39.18,20.79,5.19
193473.0,74.0,0.0,37.04,21.58,5.57
212054.0,80.0,0.0,36.34,20.86,5.41
217752.0,84.0,0.0,37.18,18.75,4.34
223358.0,82.0,0.0,35.15,17.69,5.82
227122.0,82.0,0.0,35.26,20.23,4.14
217626.0,69.0,0.0,38.98,21.16,5.61
199075.0,76.0,0.0,38.86,17.69,4.85
195358.0,77.0,0.0,37.42,16.38,5.06
221556.0,77.0,0.0,37.11,17.47,7.14
218873.0,71.0,0.0,39.45,20.32,4.63
216802.0,76.0,0.0,36.77,20.03,4.38
206599.0,74.0,0.0,36.99,22.24,4.41
196170.0,88.0,0.0,32.74,16.63,6.04
173917.0,87.0,0.0,30.13,16.29,6.67
167072.0,82.0,0.0,30.31,17.11,5.91
189697.0,85.0,0.0,31.91,16.47,4.92
188280.0,78.0,0.0,29.88,15.94,4.97
179961.0,80.0,0.0,30.27,16.56,4.34
189902.0,77.0,0.0,28.89,13.71,5.23
189449.0,84.0,0.0,22.71,10.2,5.46
171687.0,83.0,0.0,24.91,11.91,5.93
169973.0,75.0,0.0,27.28,12.85,5.44
198721.0,72.0,0.0,28.74,14.43,5.73
196103.0,74.0,0.0,29.19,9.16,4.83
183371.0,86.0,0.0,26.42,7.97,5.77
212292.0,79.0,0.0,28.47,9.52,6.51
223641.0,86.0,0.0,29.26,8.29,6.04
202937.0,74.0,0.0,30.07,12.11,6.26
185042.0,81.0,0.0,31.77,9.46,3.47
224847.0,78.0,0.0,30.42,9.36,8.32
246751.0,81.0,0.0,27.48,8.26,6.53
233522.0,79.0,0.0,26.02,10.65,5.64
220187.0,76.0,0.0,25.97,9.93,5.86
206174.0,76.0,0.0,29.34,10.18,4.88
180771.0,79.0,0.0,29.19,5.74,5.35
180719.0,81.0,0.0,28.96,5.81,6.15
198238.0,80.0,0.0,31.17,7.14,5.64
196061.0,82.0,0.0,31.46,7.5,4.25
210177.0,74.0,0.0,32.83,9.82,4.65
216371.0,72.0,0.0,33.84,11.08,4.72
207976.0,65.0,0.0,34.92,11.1,7.54
204165.0,76.0,0.0,34.23,11.68,6.22
192143.0,72.0,0.0,33.51,8.4,5.7
208246.0,76.0,0.0,36.88,12.36,5.3
227707.0,71.0,0.0,36.14,14.92,5.99
239233.0,67.0,0.0,34.65,13.51,5.41
234465.0,68.0,0.0,39.58,18.57,6.4
238883.0,77.0,0.0,36.86,15.93,5.26
212500.0,80.0,0.0,38.12,14.29,5.35
209011.0,65.0,0.0,40.59,19.83,5.5
227395.0,70.0,0.0,41.29,15.96,6.26
243001.0,65.0,0.0,41.97,17.06,8.25
243294.0,61.0,0.0,43.88,18.81,10.29
230169.0,69.0,0.0,43.18,21.9,5.82
211173.0,63.0,0.0,49.8,23.27,8.14
189601.0,71.0,0.0,47.66,24.3,10.42
185684.0,59.0,0.0,43.81,27.12,14.07
212185.0,54.0,0.0,36.48,21.81,8.75
224098.0,44.0,0.0,35.6,22.44,5.48
220099.0,51.0,0.0,32.63,23.07,6.73
225215.0,45.0,0.0,32.22,15.76,4.79
233705.0,46.0,0.0,29.55,19.18,6.42
213871.0,67.0,0.0,31.64,18.21,6.82
199769.0,57.0,0.0,34.11,15.46,7.47
224455.0,59.0,0.0,34.07,18.63,5.44
230752.0,58.0,0.0,35.38,19.15,4.56
228151.0,59.0,0.0,37.89,15.15,5.84
217512.0,63.0,0.0,39.07,12.7,4.29
214373.0,61.0,0.0,41.95,13.95,5.75
200799.0,56.0,0.0,42.48,17.94,7.54
204035.0,45.0,0.0,41.58,20.75,7.94
225187.0,59.0,0.0,39.78,20.44,8.16
211851.0,61.0,0.0,41.2,13.82,5.77
198628.0,58.0,0.0,42.84,22.98,6.85
206041.0,49.0,0.0,45.14,25.74,5.73
198298.0,46.0,0.0,52.63,29.71,8.93
182381.0,49.0,0.0,50.18,29.03,8.25
177816.0,43.0,0.0,52.65,26.24,6.85
217067.0,44.0,0.0,50.23,29.28,4.54
222542.0,42.0,0.0,46.24,28.49,12.68
228202.0,53.0,0.0,42.21,26.46,8.93
230366.0,56.0,0.0,45.64,22.69,6.93
228126.0,53.0,0.0,46.35,23.58,7.49
195896.0,45.0,0.0,48.16,22.28,7.11
196207.0,41.0,0.0,50.4,23.5,8.16
227316.0,35.0,0.0,49.66,30.04,15.59
226035.0,34.0,0.0,47.12,25.03,9.55
220264.0,30.0,0.0,48.7,28.98,7.56
215956.0,33.0,0.0,52.34,25.95,6.87
198863.0,34.0,0.0,53.96,26.53,7.27
183030.0,34.0,0.0,54.79,29.35,5.77
172747.0,37.0,0.0,52.97,32.29,6.62
191848.0,43.0,0.21,52.57,38.32,13.53
186999.0,48.0,0.0,49.77,35.37,16.08
200222.0,50.0,0.0,51.13,30.02,7.58
215987.0,49.0,0.0,53.98,27.97,6.15
195698.0,43.0,0.0,55.94,29.55,7.34
174522.0,41.0,0.0,60.3,34.27,5.73
186293.0,40.0,0.0,62.38,38.91,9.44
209510.0,51.0,0.0,61.47,35.29,8.81
199380.0,41.0,0.0,65.1,42.37,3.51
194946.0,45.0,0.0,64.62,46.92,11.65
199522.0,48.0,0.0,63.86,40.46,8.81
195047.0,39.0,0.0,65.03,37.08,7.45
174067.0,39.0,0.0,67.01,41.47,4.83
177671.0,45.0,0.0,69.94,40.19,6.53
205588.0,41.0,0.0,71.35,43.29,6.46
206541.0,43.0,0.0,66.87,45.25,5.14
208803.0,48.0,0.0,68.74,47.95,16.69
203959.0,38.0,0.0,62.06,48.25,17.87
185447.0,48.0,0.0,64.54,45.16,8.05
177569.0,52.0,0.0,67.01,43.45,6.2
169334.0,45.0,0.0,70.27,45.82,9.62
185514.0,45.0,0.0,71.44,44.13,6.33
178030.0,33.0,0.0,73.2,44.4,6.62
175690.0,33.0,0.0,74.46,48.25,6.93
190106.0,38.0,0.0,71.24,47.79,11.1
185080.0,31.0,0.0,75.79,46.17,10.78
171088.0,28.0,0.0,74.68,50.18,7.38
159553.0,28.0,0.0,76.59,55.35,12.73
186589.0,33.0,0.0,75.99,55.35,8.63
184235.0,41.0,0.46,68.68,58.51,8.43
180364.0,47.0,0.37,69.73,45.91,8.55
179543.0,36.0,0.0,73.8,46.92,8.95
173978.0,35.0,0.0,73.76,46.36,7.49
156297.0,36.0,0.0,76.14,45.14,17.36
146480.0,29.0,0.0,73.31,54.01,13.51
171900.0,41.0,0.0,73.74,52.14,22.12
190743.0,15.0,0.0,70.54,45.46,14.58
193267.0,24.0,0.0,69.93,45.34,14.05
180338.0,28.0,0.0,67.71,44.37,14.2
159251.0,24.0,0.0,66.45,51.1,13.47
148181.0,26.0,0.0,67.84,44.08,9.86
140958.0,23.0,0.0,70.84,50.85,6.35
168944.0,29.0,0.0,75.63,47.12,11.72
172416.0,26.0,0.0,81.68,46.26,18.72
180107.0,11.0,0.0,76.69,58.26,23.33
177778.0,14.0,0.0,64.58,49.8,15.86
175760.0,16.0,0.0,66.9,48.65,9.13
155658.0,21.0,0.0,70.39,49.1,8.88
149119.0,20.0,0.0,75.79,53.26,8.95
177079.0,23.0,0.0,81.36,48.74,10.54
176342.0,23.0,0.0,81.79,58.91,22.97
173936.0,13.0,0.0,75.42,50.76,14.56
174079.0,25.0,0.0,72.9,54.34,7.81
173304.0,25.0,0.0,79.16,56.61,7.65
154865.0,21.0,0.0,83.98,54.09,8.05
146345.0,22.0,0.0,86.11,52.68,7.38
173979.0,24.0,0.0,88.11,55.94,6.58
175033.0,25.0,0.0,88.63,57.0,7.07
175162.0,20.0,0.0,92.48,60.53,11.48
181549.0,16.0,0.0,93.94,63.59,21.77
182440.0,21.0,0.0,80.76,61.14,20.65
153823.0,16.0,0.0,79.02,58.03,8.75
146438.0,21.0,0.0,80.8,57.83,13.85
184479.0,29.0,0.18,73.18,60.39,14.9
201575.0,17.0,0.0,74.32,54.61,11.18
185651.0,20.0,0.0,77.18,52.03,9.1
179113.0,29.0,0.0,81.97,55.51,12.21
172211.0,17.0,0.0,87.4,59.0,12.55
157040.0,20.0,0.0,80.1,60.42,18.75
147114.0,19.0,0.0,83.62,57.16,13.87
172581.0,16.0,0.0,86.86,56.08,12.71
177044.0,23.0,0.0,88.63,60.44,13.78
187528.0,22.0,0.0,87.84,61.11,10.36
181381.0,25.0,0.0,79.88,63.68,24.09
169050.0,23.0,0.0,76.46,51.67,7.61
149057.0,26.0,0.0,78.3,53.19,10.6
145321.0,17.0,0.0,85.15,54.18,12.57
156586.0,13.0,0.0,88.36,57.96,9.37
204028.0,12.0,0.0,89.69,57.36,10.96
202027.0,22.0,0.0,91.94,60.94,7.96
187484.0,21.0,0.0,94.98,64.89,7.76
183140.0,27.0,0.0,96.48,68.65,10.11
167893.0,26.0,0.0,85.35,75.6,15.12
165789.0,25.0,0.0,80.82,63.59,15.95
208467.0,39.0,0.0,85.5,58.84,18.28
215286.0,52.0,0.73,78.51,60.89,15.68
183791.0,52.0,0.27,75.07,61.21,15.97
179730.0,39.0,0.0,79.9,56.84,10.11
179326.0,41.0,0.0,88.97,59.14,16.06
165861.0,38.0,0.0,81.37,67.5,15.57
152859.0,43.0,0.58,84.43,60.82,12.73
180071.0,36.0,0.11,85.64,64.9,12.21
186099.0,30.0,0.28,85.1,63.95,9.01
196258.0,31.0,0.0,86.58,61.18,13.71
199445.0,29.0,0.0,88.25,60.94,9.44
186261.0,31.0,0.0,92.01,63.5,10.04
155666.0,30.0,0.0,98.02,68.95,9.42
156468.0,25.0,0.0,99.52,71.37,16.96
214075.0,31.0,0.0,90.63,76.87,19.82
237388.0,32.0,0.0,92.61,69.4,14.67
233447.0,46.0,0.0,82.27,72.91,20.67
206770.0,50.0,0.0,77.77,67.51,5.12
193482.0,50.0,1.77,82.06,64.9,7.29
172226.0,45.0,0.98,80.85,65.35,11.39
168236.0,57.0,1.68,81.75,65.17,8.14
213531.0,53.0,1.27,84.94,64.9,8.5
220105.0,50.0,1.31,80.02,65.43,7.92
209367.0,53.0,0.31,83.89,62.38,8.5
206676.0,43.0,0.0,91.83,65.01,7.43
211521.0,35.0,0.22,94.41,68.92,9.22
210104.0,36.0,0.0,94.62,67.68,8.01
207880.0,27.0,0.0,97.93,72.41,8.72
236034.0,30.0,0.0,97.23,71.33,13.78
243215.0,29.0,0.0,98.69,71.87,8.97
231196.0,27.0,0.0,96.57,73.31,19.53
189474.0,31.0,0.0,90.32,77.16,19.39
148482.0,31.0,0.0,91.49,66.76,10.42
151960.0,37.0,1.19,88.77,70.77,18.48
158843.0,40.0,0.0,90.09,63.05,10.56
207250.0,41.0,0.7,86.99,69.84,9.75
209444.0,49.0,0.0,86.23,66.7,7.49
200988.0,54.0,0.16,87.44,62.51,8.61
197544.0,38.0,0.0,91.13,63.91,8.88
201386.0,38.0,0.0,93.67,69.22,16.04
196228.0,40.0,0.0,94.93,71.62,13.89
199548.0,37.0,0.0,95.49,75.18,12.95
218435.0,34.0,0.0,97.54,74.07,13.13
200735.0,32.0,0.0,100.62,72.97,10.8
178580.0,38.0,0.47,91.96,76.37,12.01
184972.0,42.0,0.31,82.29,67.23,12.01
184723.0,62.0,0.0,81.72,63.12,6.78
166351.0,48.0,0.0,86.29,62.31,5.17
169579.0,43.0,0.0,89.6,63.7,6.73
213151.0,46.0,0.19,92.79,67.59,10.87
232906.0,40.0,0.0,97.12,67.06,8.25
211096.0,35.0,0.0,101.5,68.61,8.37
187351.0,34.0,0.0,103.86,74.93,15.03
185086.0,28.0,0.0,98.44,75.27,12.15
181232.0,31.0,0.0,98.01,74.84,13.91
185822.0,34.0,0.0,97.86,77.22,11.92
181765.0,35.0,0.0,97.52,75.13,11.95
177352.0,32.0,0.0,99.23,75.83,12.97
180767.0,44.0,0.1,88.79,76.28,12.35
187772.0,65.0,1.34,82.0,68.59,12.95
200393.0,47.0,0.0,86.49,65.01,12.68
172460.0,57.0,1.14,81.21,66.47,12.33
169184.0,40.0,0.0,80.53,62.92,9.01
207032.0,72.0,2.05,73.06,64.26,10.83
204413.0,70.0,0.0,85.46,62.94,9.95
202749.0,49.0,0.0,92.08,64.17,8.39
196885.0,36.0,0.35,94.39,66.63,14.27
194331.0,36.0,0.0,93.38,68.67,13.38
178729.0,59.0,0.65,86.16,68.86,12.97
185991.0,57.0,1.15,87.71,63.43,7.61
202526.0,49.0,1.01,88.84,62.91,7.38
203949.0,37.0,0.0,89.04,62.51,13.11
190398.0,50.0,0.24,90.1,68.52,8.23
180229.0,44.0,0.0,90.64,64.04,11.34
175810.0,42.0,0.0,85.62,66.06,11.63
162658.0,56.0,0.49,76.5,66.22,19.66
171019.0,71.0,5.64,75.47,65.71,13.91
200468.0,50.0,0.0,82.26,61.66,15.55
215876.0,51.0,0.0,83.05,55.4,9.55
219186.0,36.0,0.0,89.17,60.37,5.75
217686.0,35.0,0.0,90.63,61.56,7.74
226042.0,35.0,0.0,95.14,61.99,6.31
204555.0,40.0,0.0,97.86,63.46,7.65
191185.0,38.0,0.0,97.29,64.87,7.56
223871.0,42.0,0.0,96.76,66.69,10.16
233795.0,35.0,0.0,93.92,69.28,13.27
222256.0,35.0,0.0,88.63,71.55,11.99
195182.0,35.0,0.0,90.72,67.23,7.74
188992.0,41.0,0.0,88.68,65.25,6.58
195178.0,51.0,0.28,80.56,68.52,8.32
186048.0,58.0,0.3,82.54,64.36,5.17
192051.0,54.0,0.0,82.67,61.54,6.42
211627.0,51.0,0.0,87.8,60.73,7.87
210042.0,51.0,0.0,85.15,63.46,13.4
223245.0,52.0,0.55,88.39,62.35,12.64
240963.0,40.0,0.0,85.98,63.12,11.34
184283.0,45.0,0.0,84.43,62.51,12.48
158617.0,55.0,0.0,88.2,64.92,15.26
187315.0,42.0,0.11,80.91,63.66,11.61
198090.0,58.0,0.32,81.73,61.93,9.8
202650.0,53.0,0.0,84.31,60.24,7.49
187623.0,48.0,0.0,85.1,62.42,14.5
173186.0,33.0,0.11,80.65,60.31,15.01
155989.0,67.0,4.29,69.8,58.78,15.08
147871.0,56.0,1.16,74.64,52.95,6.78
174433.0,57.0,0.0,79.34,54.5,8.16
175833.0,53.0,0.0,77.41,55.36,10.2
173087.0,54.0,0.0,79.95,56.21,9.08
175843.0,50.0,0.0,85.41,56.1,6.89
173005.0,51.0,0.0,88.25,56.34,7.99
161964.0,26.0,0.0,80.74,62.69,17.43
159696.0,43.0,0.0,69.4,59.47,16.51
172024.0,52.0,0.0,73.27,51.33,5.53
175864.0,50.0,0.0,74.62,52.5,5.5
177938.0,58.0,0.0,75.94,54.16,7.56
179382.0,54.0,0.0,75.52,58.96,7.99
178174.0,51.0,0.0,80.2,56.26,10.54
158824.0,55.0,0.0,81.09,53.69,6.51
152449.0,54.0,0.0,82.4,57.69,7.78
181240.0,50.0,0.0,80.44,60.08,7.0
177900.0,38.0,0.0,79.92,53.51,9.22
175576.0,49.0,0.0,78.04,53.26,12.48
176891.0,45.0,0.0,79.9,55.15,12.57
176977.0,44.0,0.0,80.28,53.73,12.59
155171.0,41.0,0.0,78.85,55.13,9.95
153248.0,44.0,0.0,78.66,55.69,11.25
176040.0,43.0,0.0,78.48,54.14,8.61
177922.0,46.0,0.0,77.85,52.56,8.52
174884.0,52.0,0.0,76.89,57.04,9.17
175883.0,62.0,0.91,72.14,57.07,22.84
175687.0,36.0,0.0,59.02,41.67,13.71
156316.0,68.0,0.0,58.57,40.32,6.06
151022.0,48.0,0.0,62.26,39.27,8.75
174267.0,43.0,0.0,66.51,38.61,8.55
179490.0,55.0,0.0,66.58,39.6,7.29
174194.0,42.0,0.0,68.97,41.79,7.05
174018.0,48.0,0.0,70.02,42.31,5.88
171092.0,46.0,0.0,69.82,44.4,8.55
156786.0,43.0,0.0,70.79,42.58,5.53
151814.0,53.0,0.0,71.08,45.0,6.29
176287.0,46.0,0.0,73.8,49.53,5.79
179973.0,49.0,0.0,73.87,45.86,4.72
180902.0,50.0,0.0,74.7,46.4,4.54
177454.0,55.0,0.0,75.18,45.16,5.57
175485.0,53.0,0.0,70.93,49.86,4.79
155208.0,51.0,0.0,74.01,43.74,10.98
147853.0,49.0,0.0,73.42,45.55,10.02
175886.0,48.0,0.0,70.59,42.85,11.05
173672.0,54.0,0.19,61.41,50.31,15.57
173954.0,62.0,0.0,55.67,42.4,9.01
176583.0,68.0,0.0,53.6,39.54,7.38
177413.0,76.0,1.67,54.46,40.5,6.91
167225.0,79.0,0.0,53.2,35.06,7.2
167213.0,69.0,0.0,54.19,29.26,8.81
179136.0,69.0,0.0,55.65,31.91,6.42
174935.0,65.0,0.0,57.27,34.39,5.14
171923.0,66.0,0.0,59.59,33.12,4.54
176225.0,77.0,0.0,56.14,32.72,4.47
184645.0,78.0,0.0,54.45,34.43,4.99
173660.0,63.0,0.3,52.97,36.59,4.45
162536.0,67.0,3.27,48.58,37.2,8.79
180603.0,99.0,0.12,40.75,31.89,8.99
179014.0,82.0,0.0,43.2,32.11,4.76
189529.0,87.0,0.0,43.11,29.61,7.29
198142.0,83.0,0.0,45.16,30.4,6.76
198668.0,78.0,0.0,49.48,26.56,6.87
180475.0,84.0,0.0,47.95,27.45,5.99
176958.0,79.0,0.0,48.45,26.89,5.75
203975.0,71.0,0.0,48.85,27.09,6.13
222155.0,75.0,0.0,48.45,25.77,6.78
220136.0,77.0,0.0,50.45,25.14,6.76
214471.0,76.0,0.0,49.62,28.36,6.78
211012.0,82.0,0.0,46.78,29.75,3.87
191792.0,82.0,0.0,47.37,29.41,3.96
166357.0,80.0,0.0,46.45,24.49,4.74
183332.0,84.0,0.0,42.6,24.03,6.82
198790.0,78.0,0.0,44.1,26.65,7.11
197492.0,70.0,0.0,44.98,28.4,12.82
168512.0,89.0,0.0,36.48,25.47,6.49
179078.0,82.0,0.0,40.28,25.23,7.38
172907.0,80.0,0.0,37.8,25.81,14.76
159643.0,78.0,0.0,31.57,19.8,8.55
193469.0,68.0,0.0,33.01,18.07,6.26
211076.0,69.0,0.0,36.32,17.33,5.28
204998.0,88.0,0.0,32.45,16.97,6.76
208645.0,67.0,0.0,34.07,14.09,5.86
202450.0,63.0,0.0,36.77,18.91,5.68
185954.0,82.0,0.0,34.05,15.85,6.15
180587.0,71.0,0.0,32.99,15.66,6.44
203643.0,57.0,0.0,34.16,21.97,17.65
201535.0,81.0,0.0,26.31,17.89,9.44
209915.0,91.0,0.0,22.98,10.22,7.63
212233.0,96.0,0.0,19.99,4.84,8.7
208906.0,90.0,0.0,19.6,8.65,8.05
190882.0,92.0,0.0,23.9,2.8,7.4
172125.0,93.0,0.0,25.63,7.79,7.54
190840.0,81.0,0.0,24.08,6.58,6.4
195403.0,76.0,0.0,23.43,1.78,6.02
203493.0,81.0,0.0,23.94,1.69,5.46
212719.0,71.0,0.0,27.97,2.95,5.91
208677.0,68.0,0.0,28.27,7.14,5.57
191444.0,80.0,0.0,31.75,14.74,7.58
186354.0,78.0,0.0,30.33,9.81,5.57
202868.0,71.0,0.0,31.5,11.73,5.06
189724.0,71.0,0.0,30.67,12.45,4.76
159851.0,78.0,0.0,32.36,12.18,4.21
156059.0,69.0,0.0,31.87,11.23,5.44
165082.0,65.0,0.0,32.34,11.79,6.76
163878.0,77.0,0.0,33.57,12.65,6.33
169097.0,70.0,0.0,35.44,5.85,5.97
193746.0,79.0,0.0,35.31,10.85,3.44
201798.0,67.0,0.0,36.39,7.3,5.37
193840.0,67.0,0.0,35.89,12.43,4.41
178913.0,74.0,0.0,35.33,12.06,5.3
183581.0,78.0,0.0,33.73,11.59,6.44
180462.0,66.0,0.0,33.19,12.45,4.12
169349.0,63.0,0.0,32.18,12.43,6.42
219534.0,68.0,0.0,28.92,14.99,5.64
224325.0,64.0,0.0,34.5,10.44,6.35
231479.0,62.0,0.0,38.35,13.23,7.23
240450.0,65.0,0.0,35.6,11.48,5.41
230641.0,75.0,0.0,35.11,6.78,5.66
221375.0,66.0,0.0,38.17,15.87,4.25
197463.0,68.0,0.0,37.17,13.93,6.29
210557.0,67.0,0.0,38.93,15.48,5.7
222394.0,65.0,0.0,35.73,23.02,6.4
230448.0,71.0,0.0,37.92,19.15,4.68
221414.0,64.0,0.0,36.0,18.01,5.77
211233.0,62.0,0.0,38.84,15.31,5.53
192662.0,71.0,0.0,35.94,13.8,5.41
177406.0,79.0,0.0,37.11,12.83,5.5
199111.0,67.0,0.0,37.92,15.3,3.71
206619.0,75.0,0.0,37.26,13.44,4.5
210337.0,71.0,0.0,36.03,17.22,4.85
209905.0,72.0,0.0,32.83,16.34,5.32
207646.0,74.0,0.0,35.8,14.47,4.85
191224.0,71.0,0.0,35.53,12.16,5.41
184435.0,64.0,0.0,37.87,20.61,7.76
215422.0,77.0,0.71,30.54,21.54,7.47
221702.0,86.0,0.0,31.6,19.36,6.02
220043.0,90.0,0.84,29.62,22.82,4.68
212555.0,87.0,0.11,26.94,20.16,5.32
215624.0,88.0,0.0,27.5,14.76,5.66
201411.0,89.0,0.0,26.02,13.98,8.14
185703.0,83.0,0.0,28.22,14.34,6.15
209488.0,76.0,0.0,32.07,15.71,4.9
221391.0,79.0,1.16,28.51,21.02,8.39
210410.0,91.0,1.05,31.46,22.14,5.5
221506.0,87.0,0.0,31.5,16.95,7.87
221272.0,67.0,0.0,32.14,16.63,4.12
186622.0,75.0,0.0,32.63,15.87,6.38
170193.0,77.0,0.0,33.6,17.04,4.94
209778.0,71.0,0.0,36.61,11.34,5.41
215748.0,70.0,0.0,40.37,13.15,5.59
212870.0,58.0,0.0,45.48,20.19,5.61
219898.0,65.0,0.0,44.47,17.92,4.16
226281.0,68.0,0.0,48.58,24.84,4.36
206742.0,48.0,0.0,50.2,24.85,6.13
215776.0,62.0,0.0,48.81,25.84,7.49
237907.0,60.0,0.0,49.69,28.74,5.17
229543.0,59.0,0.0,50.67,31.51,4.7
226220.0,57.0,0.0,51.57,32.72,6.69
237747.0,57.0,0.0,50.52,27.48,7.23
237101.0,60.0,0.0,51.33,28.36,5.53
206338.0,68.0,0.0,51.51,27.64,5.28
192447.0,71.0,0.0,50.14,28.56,5.37
227403.0,62.0,0.0,53.71,27.32,5.41
237327.0,61.0,0.0,54.43,30.11,7.4
219381.0,67.0,0.0,47.86,34.05,10.38
228166.0,57.0,0.0,45.14,31.91,3.91
228166.0,58.0,0.0,47.88,35.13,3.24
209068.0,66.0,0.0,49.03,29.68,6.6
192762.0,60.0,0.0,51.08,29.25,4.63
211204.0,60.0,0.0,51.08,28.17,5.5
216265.0,46.0,0.0,51.03,32.63,4.74
205820.0,48.0,0.0,51.17,33.57,6.85
218132.0,52.0,0.0,53.46,26.56,6.49
219694.0,50.0,0.0,57.06,30.78,5.84
192076.0,46.0,0.0,58.32,32.58,6.62
164485.0,41.0,0.0,55.35,37.8,8.25
188354.0,45.0,0.0,54.97,34.81,7.65
193744.0,51.0,0.0,58.28,32.97,5.88
186828.0,34.0,0.0,58.64,36.61,8.68
190410.0,39.0,0.0,61.99,35.02,15.14
189042.0,30.0,0.0,51.35,32.32,7.38
168144.0,39.0,0.0,53.85,29.17,7.63
165443.0,40.0,0.0,59.04,33.78,7.11
183144.0,38.0,0.0,59.97,37.04,8.01
185709.0,38.0,0.0,61.27,35.53,6.76
192219.0,36.0,0.0,63.72,33.26,6.2
191946.0,29.0,0.0,61.61,37.31,7.72
187488.0,35.0,0.0,63.54,35.98,7.0
168388.0,35.0,0.0,67.32,43.47,8.99
170012.0,33.0,0.0,65.35,40.91,8.5
201164.0,29.0,0.0,68.09,41.47,6.24
197687.0,30.0,0.0,71.38,42.84,8.28
191041.0,29.0,0.0,74.57,50.76,11.9
188461.0,36.0,0.0,73.67,48.45,6.96
197864.0,32.0,0.0,70.27,51.1,8.3
187071.0,34.0,0.0,68.61,44.26,7.11
175594.0,40.0,0.11,67.62,49.82,6.69
184574.0,39.0,0.0,67.06,47.52,13.15
187622.0,37.0,0.0,71.24,50.29,11.16
183187.0,28.0,0.0,62.89,47.5,10.16
177354.0,37.0,0.0,72.52,52.74,13.38
159795.0,52.0,0.0,59.74,43.48,11.18
155733.0,46.0,0.0,60.4,43.18,6.64
144963.0,45.0,0.43,65.05,48.36,6.64
172917.0,40.0,0.0,68.23,45.48,7.85
179795.0,33.0,0.0,72.61,46.33,6.38
179218.0,30.0,0.0,71.49,45.54,8.86
178246.0,42.0,0.0,68.65,52.14,12.19
169985.0,37.0,0.0,74.28,49.8,10.16
154386.0,28.0,0.0,76.84,48.43,6.02
147755.0,26.0,0.0,76.82,51.33,7.99
172653.0,24.0,0.0,79.93,54.7,14.58
173766.0,26.0,0.0,82.24,55.42,7.2
175979.0,26.0,0.0,79.88,60.01,9.19
176158.0,32.0,0.5,80.02,60.53,12.77
170155.0,26.0,0.0,71.38,53.28,8.52
147739.0,51.0,0.0,69.8,50.18,14.65
142953.0,55.0,0.31,65.14,54.3,13.02
168847.0,44.0,0.0,67.33,54.01,10.33
175016.0,40.0,0.0,76.3,49.68,8.68
181172.0,34.0,0.0,79.0,55.92,8.3
187507.0,22.0,0.0,83.39,52.48,6.13
178873.0,22.0,0.0,86.34,53.51,6.64
157235.0,21.0,0.0,86.97,54.0,6.17
150759.0,25.0,0.0,88.92,53.92,8.25
178663.0,21.0,0.0,82.02,63.61,18.43
174874.0,21.0,0.0,77.68,60.51,14.52
171681.0,34.0,0.0,75.78,57.45,7.61
172875.0,32.0,0.0,77.83,59.05,11.34
167728.0,41.0,0.22,74.98,61.0,10.18
147393.0,46.0,0.0,76.28,54.81,6.22
142563.0,44.0,0.0,78.42,57.33,7.4
171932.0,39.0,0.0,80.08,54.79,6.26
173863.0,28.0,0.0,83.84,56.8,8.19
177195.0,24.0,0.0,85.57,61.9,13.42
184575.0,28.0,0.0,86.95,59.9,7.07
193829.0,24.0,0.0,90.88,62.74,5.61
179909.0,27.0,0.0,94.66,62.96,13.27
170993.0,31.0,0.0,81.82,73.15,22.26
202036.0,24.0,0.0,85.37,63.81,10.71
177863.0,26.0,0.0,88.07,61.39,9.1
169027.0,27.0,0.0,84.02,70.5,8.79
173561.0,31.0,0.12,81.99,68.18,11.41
172608.0,37.0,0.0,86.4,60.15,9.35
160439.0,35.0,0.0,92.59,58.95,13.44
164569.0,30.0,0.0,91.98,61.93,19.82
202846.0,48.0,8.11,82.71,62.62,18.05
180620.0,43.0,0.0,82.65,55.67,5.44
171694.0,52.0,0.83,79.97,61.66,11.07
170985.0,39.0,0.0,83.25,60.46,12.06
163066.0,36.0,0.0,85.1,62.53,13.58
143232.0,37.0,0.0,86.13,68.18,14.45
142510.0,31.0,0.0,82.31,67.77,6.87
156602.0,73.0,6.32,75.33,53.89,13.65
200773.0,54.0,0.0,76.26,49.39,8.79
205740.0,46.0,0.71,80.65,54.52,10.02
197794.0,42.0,0.51,78.49,58.82,11.23
202808.0,40.0,0.0,83.12,58.39,7.63
189487.0,40.0,0.0,78.87,60.03,16.62
154368.0,34.0,0.23,83.48,58.98,6.17
165152.0,34.0,0.62,79.88,57.31,9.22
167780.0,38.0,0.0,78.46,59.13,6.8
172274.0,29.0,0.0,84.76,58.17,8.79
183516.0,24.0,0.0,88.41,58.06,13.15
196280.0,20.0,0.31,92.19,63.09,11.05
159944.0,21.0,0.0,92.8,64.2,8.28
160682.0,29.0,0.0,92.26,70.32,11.9
195485.0,27.0,0.0,94.82,65.86,6.51
186069.0,26.0,0.0,94.26,70.21,24.99
201881.0,57.0,2.17,75.07,63.09,23.89
214287.0,49.0,1.14,77.76,63.32,20.85
212213.0,49.0,0.0,84.67,58.12,5.86
181693.0,42.0,0.0,87.44,61.41,9.17
188185.0,39.0,0.0,87.87,61.99,9.55
220126.0,36.0,0.25,82.96,65.8,9.26
214703.0,40.0,1.25,82.38,62.51,8.41
190227.0,34.0,1.62,83.03,58.5,9.35
210313.0,41.0,1.04,86.16,56.98,9.4
192394.0,44.0,0.0,86.07,63.72,11.54
172504.0,36.0,0.13,88.72,68.16,12.39
179071.0,45.0,1.26,83.97,65.93,12.17
219226.0,42.0,0.93,84.43,61.3,7.81
222425.0,44.0,0.0,85.71,61.12,6.76
199051.0,38.0,0.0,86.95,64.58,8.72
185923.0,49.0,0.0,83.34,68.16,13.6
188452.0,66.0,0.76,76.24,64.47,15.68
164352.0,80.0,4.79,75.04,61.93,5.32
148924.0,74.0,3.44,79.21,64.27,5.82
171412.0,59.0,0.0,87.39,63.54,7.7
180160.0,45.0,0.43,88.48,68.85,7.25
181126.0,47.0,0.22,87.37,62.89,7.36
177254.0,47.0,0.35,90.18,63.72,11.45
157322.0,50.0,0.95,91.89,64.4,9.6
150801.0,39.0,0.0,98.13,69.53,8.14
153911.0,34.0,0.22,98.96,73.24,15.48
200880.0,27.0,0.0,94.5,68.43,17.18
211480.0,33.0,0.11,89.29,71.94,14.2
183875.0,36.0,0.0,92.17,68.74,8.05
187100.0,36.0,0.0,94.44,74.82,11.59
186327.0,51.0,0.0,86.65,71.47,7.09
172951.0,30.0,0.0,93.49,65.26,10.29
164238.0,34.0,0.0,92.66,67.59,8.59
201698.0,36.0,0.0,99.27,69.28,8.16
206664.0,34.0,0.0,98.69,74.3,8.14
189092.0,27.0,0.0,98.2,71.42,10.16
185677.0,36.0,0.0,101.3,69.24,6.13
201844.0,35.0,0.0,103.08,72.45,6.35
216696.0,33.0,0.0,102.15,75.78,10.71
213613.0,31.0,0.0,100.8,79.3,14.76
225494.0,30.0,0.0,99.7,77.13,13.4
214845.0,29.0,0.0,102.07,74.59,8.9
196979.0,29.0,0.0,99.79,75.29,10.83
200849.0,27.0,0.0,100.24,78.24,8.81
208251.0,29.0,0.0,102.63,73.69,7.18
202012.0,26.0,0.0,103.53,74.5,10.92
197543.0,32.0,0.0,98.44,79.88,13.94
225789.0,38.0,0.0,91.45,78.15,18.25
235553.0,42.0,0.0,91.33,79.48,12.73
241320.0,47.0,0.0,92.5,76.69,10.92
231281.0,48.0,1.47,90.75,74.68,6.98
217982.0,42.0,0.14,86.07,73.72,19.33
189086.0,60.0,0.0,85.33,73.83,14.7
194091.0,54.0,0.0,92.12,70.84,10.16
214061.0,48.0,0.0,90.97,71.33,10.69
204772.0,51.0,0.0,90.93,70.72,13.06
199150.0,62.0,0.65,87.04,69.49,9.91
188095.0,51.0,0.0,92.16,67.19,5.97
190258.0,44.0,0.3,90.09,68.83,11.88
180025.0,54.0,0.4,90.66,67.98,11.23
184535.0,42.0,0.0,90.54,68.65,9.31
215129.0,51.0,0.14,81.39,70.47,13.67
208607.0,65.0,21.36,82.0,66.79,7.31
194827.0,56.0,0.0,82.33,63.16,4.61
194996.0,59.0,0.0,86.09,62.42,8.28
211219.0,60.0,0.0,89.56,62.87,9.8
199111.0,24.0,0.0,86.95,61.99,8.01
200226.0,33.0,0.0,81.68,61.3,7.7
229004.0,43.0,0.0,88.14,58.69,6.64
226869.0,40.0,0.0,91.31,61.81,6.13
235852.0,41.0,0.0,92.88,63.72,6.91
213492.0,41.0,0.0,93.92,66.09,6.64
189045.0,39.0,0.0,95.45,66.94,8.16
169189.0,35.0,0.0,92.1,64.29,8.59
171678.0,32.0,0.0,91.38,71.13,16.84
192700.0,36.0,0.0,87.48,73.44,16.06
175742.0,42.0,0.0,89.56,70.05,7.54
170405.0,41.0,0.11,91.29,61.99,13.87
177141.0,34.0,0.0,88.61,65.48,6.08
178519.0,44.0,0.0,83.61,68.2,11.99
172185.0,43.0,0.0,81.25,64.78,7.47
185296.0,44.0,0.0,80.26,61.61,5.86
223238.0,65.0,0.0,74.17,60.84,9.37
230415.0,73.0,0.0,77.79,59.09,5.44
234505.0,57.0,0.0,82.18,57.72,8.95
233275.0,65.0,0.0,80.78,62.89,9.64
215426.0,57.0,0.0,86.49,58.41,9.26
196048.0,66.0,1.51,76.53,63.36,10.11
196538.0,71.0,0.0,79.05,55.45,7.23
206301.0,64.0,4.63,71.37,60.82,7.43
235462.0,73.0,2.19,69.21,55.8,7.76
218169.0,76.0,0.2,73.0,51.55,8.46
198347.0,78.0,0.29,68.77,59.79,5.82
180639.0,63.0,0.0,75.6,55.67,7.56
153584.0,63.0,0.0,81.3,55.72,10.83
143281.0,58.0,0.0,85.66,54.16,10.31
170021.0,47.0,0.0,80.8,61.11,10.38
181621.0,44.0,0.0,77.81,60.71,10.42
192042.0,47.0,0.0,76.53,56.43,8.19
194268.0,50.0,0.0,75.54,54.95,7.14
190399.0,51.0,0.0,81.27,54.91,7.0
169023.0,48.0,0.0,82.31,55.27,5.5
146844.0,45.0,0.73,76.35,61.03,7.31
170866.0,59.0,0.0,74.17,51.48,9.55
178677.0,49.0,0.0,76.57,50.32,6.49
180491.0,50.0,0.0,78.84,54.45,7.85
182106.0,44.0,0.12,75.34,55.54,9.33
176543.0,51.0,0.0,75.99,52.07,7.92
156016.0,41.0,0.0,74.23,54.46,9.66
151781.0,44.0,0.0,73.63,51.82,7.31
186342.0,47.0,0.16,73.29,53.02,7.7
187858.0,36.0,0.0,74.34,52.61,8.14
172798.0,34.0,0.0,62.82,44.76,11.5
166924.0,33.0,0.0,68.49,41.47,10.47
166005.0,33.0,0.0,70.65,44.01,6.49
154836.0,33.0,0.0,73.54,46.99,5.77
144127.0,40.0,0.0,76.19,46.54,5.82
167580.0,43.0,0.0,74.08,49.57,6.55
171515.0,38.0,0.0,77.7,50.04,11.01
171380.0,38.0,0.0,73.83,53.17,14.36
173594.0,33.0,0.0,75.13,47.8,7.72
170716.0,41.0,0.0,78.28,45.95,6.35
147705.0,41.0,0.0,79.36,50.16,5.26
143663.0,44.0,0.0,78.91,48.72,7.38
168715.0,40.0,0.0,74.48,48.09,7.18
171298.0,42.0,0.0,76.08,47.44,6.82
171857.0,45.0,0.0,75.65,47.62,7.05
172971.0,46.0,0.0,74.17,47.7,8.41
169235.0,37.0,0.0,70.79,54.39,14.76
157756.0,49.0,0.0,71.1,49.95,8.05
155583.0,46.0,0.0,72.48,45.7,5.21
176965.0,54.0,0.0,66.24,47.03,8.77
173052.0,64.0,0.26,62.1,51.19,12.53
172268.0,63.0,0.0,63.66,41.85,6.85
169476.0,61.0,0.0,65.12,42.82,4.29
168404.0,66.0,0.15,64.0,40.69,4.61
153401.0,66.0,0.48,56.93,46.35,9.93
144515.0,63.0,0.0,57.16,40.08,5.37
170894.0,60.0,0.0,56.93,35.85,9.93
175478.0,56.0,0.0,61.66,36.16,8.43
175346.0,63.0,0.0,60.67,36.79,5.41
173800.0,55.0,0.0,60.04,39.87,7.2
173202.0,51.0,0.0,59.4,38.61,8.23
156857.0,56.0,0.0,59.76,34.47,5.17
152695.0,55.0,0.0,59.0,35.67,4.21
168966.0,44.0,0.0,63.32,35.92,4.21
169307.0,45.0,0.0,57.25,42.37,13.87
169282.0,67.0,0.0,48.11,41.05,7.76
171341.0,69.0,0.0,48.27,39.25,6.26
167095.0,72.0,0.0,52.97,34.74,5.93
150911.0,69.0,0.0,53.1,34.18,6.69
150681.0,74.0,0.0,53.65,33.13,6.87
177891.0,67.0,0.0,56.52,33.87,5.97
178316.0,75.0,0.0,54.99,31.84,5.86
174931.0,71.0,0.0,55.09,32.13,5.17
178114.0,64.0,0.0,55.09,32.05,6.6
179647.0,55.0,0.14,57.92,38.62,7.52
163861.0,61.0,0.0,57.56,40.5,6.38
152968.0,72.0,0.0,50.92,33.13,6.51
172795.0,61.0,0.0,55.98,32.2,7.27
176547.0,75.0,0.0,49.91,32.5,7.05
174360.0,81.0,0.0,47.23,29.19,5.32
172721.0,79.0,0.0,49.28,30.49,4.99
179324.0,78.0,0.0,50.83,31.17,2.86
167738.0,84.0,0.0,51.37,31.35,5.97
168982.0,80.0,0.0,49.53,33.91,5.75
193431.0,80.0,0.0,50.43,32.99,3.56
185540.0,81.0,0.0,48.0,27.03,5.7
178840.0,84.0,0.0,44.83,28.08,4.38
143404.0,72.0,0.0,45.84,27.32,5.75
144737.0,76.0,0.0,46.62,26.13,4.21
154217.0,78.0,0.0,48.07,24.69,4.99
159167.0,76.0,0.0,49.44,25.81,4.85
184464.0,67.0,0.0,52.25,28.26,2.57
183433.0,61.0,0.0,49.6,26.58,6.38
185323.0,73.0,0.0,47.46,26.94,5.23
192822.0,77.0,0.0,48.0,26.46,3.04
191028.0,79.0,0.0,46.36,27.25,3.49
177144.0,79.0,0.0,45.81,24.4,3.67
170168.0,76.0,0.0,46.38,26.04,4.45
189177.0,77.0,0.0,47.23,27.9,8.21
192049.0,84.0,0.0,43.56,25.72,4.0
188265.0,81.0,0.0,40.59,26.28,2.82
184425.0,76.0,0.0,40.98,22.87,5.19
177148.0,90.0,7.66,37.18,30.85,7.29
159667.0,92.0,1.84,31.32,23.67,4.27
152451.0,78.0,0.0,32.61,24.71,5.57
175476.0,76.0,0.0,33.31,15.46,5.91
185426.0,76.0,0.0,31.26,18.5,5.08
182284.0,81.0,0.0,25.52,13.91,5.79
184318.0,86.0,0.0,24.1,11.97,7.81
193310.0,84.0,0.0,23.47,14.0,5.41
183398.0,74.0,0.0,21.79,14.38,5.39
178276.0,72.0,0.0,24.75,14.45,8.61
188533.0,72.0,0.0,28.36,11.57,5.21
177213.0,75.0,0.0,27.03,13.15,4.65
174669.0,71.0,0.0,29.59,12.63,4.7
148130.0,79.0,0.0,31.32,12.69,4.88
142943.0,83.0,0.0,27.75,11.3,5.68
151080.0,78.0,0.0,32.45,11.01,5.01
153931.0,72.0,0.0,35.17,17.51,7.16
184839.0,78.0,0.0,33.89,15.08,5.53
178182.0,76.0,0.0,32.94,12.27,4.36
178210.0,65.0,0.0,34.2,12.78,4.41
173563.0,70.0,0.0,33.17,13.5,3.76
166675.0,77.0,0.0,32.05,17.2,4.81
171810.0,71.0,0.0,37.13,14.52,3.06
173321.0,72.0,0.0,36.12,12.88,4.45
201781.0,75.0,0.0,37.08,17.08,4.03
210510.0,70.0,0.0,37.69,19.94,5.75
204249.0,76.0,0.0,33.42,17.46,5.79
197080.0,72.0,0.0,36.77,13.73,5.23
195291.0,75.0,0.0,33.87,17.11,4.92
165423.0,79.0,0.0,36.45,20.32,4.45
171504.0,86.0,0.0,35.17,12.69,4.61
213899.0,87.0,0.0,33.12,15.58,4.36
216226.0,84.0,0.0,31.26,13.75,4.12
224510.0,81.0,0.0,30.96,13.78,4.16
204628.0,80.0,0.0,30.72,15.93,6.02
189297.0,78.0,0.0,33.96,17.37,7.7
179144.0,76.0,0.0,38.25,13.69,7.07
184072.0,83.0,0.0,33.66,17.55,5.28
224214.0,77.0,0.14,34.14,21.07,4.14
225701.0,75.0,0.0,35.56,17.01,4.81
222779.0,82.0,0.0,31.8,16.63,8.84
215828.0,74.0,0.0,30.58,13.86,6.85
211444.0,83.0,0.0,29.12,11.89,6.11
194790.0,77.0,0.0,26.44,7.5,5.26
187222.0,75.0,0.0,26.71,5.63,4.7
199803.0,64.0,0.0,25.02,6.78,4.52
197889.0,74.0,0.0,26.8,6.22,5.1
202848.0,76.0,0.0,27.9,6.8,5.97
200275.0,69.0,0.0,32.74,12.97,4.47
200135.0,71.0,0.0,30.09,20.73,4.88
177957.0,80.0,0.27,31.39,20.32,9.28
159931.0,85.0,0.0,31.33,17.56,3.69
182372.0,83.0,0.0,29.61,21.52,5.68
193306.0,81.0,0.0,32.11,16.65,8.93
181509.0,70.0,0.0,34.34,15.15,4.81
194877.0,72.0,0.0,33.12,14.07,4.54
193686.0,70.0,0.0,36.55,22.57,5.48
171999.0,66.0,0.0,38.34,17.91,5.93
165225.0,74.0,0.0,39.65,18.82,6.42
187851.0,76.0,0.0,41.25,12.15,4.25
200804.0,66.0,0.0,42.66,16.25,4.83
210083.0,64.0,0.0,44.53,19.47,7.07
217030.0,47.0,0.0,38.17,26.82,10.76
216760.0,61.0,0.95,32.13,22.44,8.61
207544.0,59.0,0.0,31.96,15.31,7.45
198478.0,53.0,0.0,34.27,12.61,5.48
209048.0,52.0,0.0,35.17,18.21,6.11
201891.0,57.0,0.0,36.25,15.03,7.83
199395.0,64.0,0.0,39.22,21.42,6.11
202549.0,57.0,0.0,41.22,20.17,6.2
190723.0,64.0,0.0,41.04,18.55,5.5
158948.0,56.0,0.0,44.22,24.55,9.93
159221.0,48.0,0.0,48.7,21.22,5.1
187548.0,57.0,0.0,49.6,22.12,4.79
190710.0,53.0,0.0,52.48,25.05,5.21
193580.0,55.0,0.0,53.1,23.31,4.45
199009.0,52.0,0.0,54.46,24.33,5.44
199834.0,50.0,0.0,56.84,26.46,10.67
175113.0,42.0,0.0,61.16,30.78,7.11
158644.0,48.0,0.0,61.32,25.63,4.99
180987.0,47.0,0.0,62.13,31.06,3.69
188935.0,51.0,0.0,63.61,31.75,8.81
202258.0,43.0,0.0,61.16,33.22,6.49
201819.0,28.0,0.0,73.63,34.45,7.81
195623.0,30.0,0.0,52.59,37.62,12.77
179004.0,37.0,0.0,50.76,27.34,5.59
170803.0,39.0,0.0,55.0,26.94,4.68
181200.0,43.0,0.0,57.87,28.35,5.53
173973.0,43.0,0.0,60.22,30.38,4.94
170045.0,40.0,0.0,49.91,35.4,13.4
173232.0,35.0,0.0,51.87,29.95,7.09
176817.0,38.0,0.0,55.94,30.07,6.02
161397.0,39.0,0.0,53.6,34.21,6.11
147440.0,51.0,0.0,54.41,39.81,6.82
173699.0,55.0,0.0,52.66,36.72,6.35
172181.0,42.0,0.0,62.96,35.78,12.1
172920.0,59.0,0.0,60.82,35.04,7.85
172574.0,50.0,0.0,62.37,37.31,8.19
173740.0,51.0,0.11,59.4,39.78,6.22
166555.0,47.0,0.0,60.82,43.84,6.93
164117.0,56.0,0.0,64.31,38.14,7.96
186535.0,37.0,0.0,66.22,39.74,7.38
181111.0,22.0,0.0,68.92,37.96,8.43
170826.0,26.0,0.0,70.74,38.14,6.26
169046.0,32.0,0.0,72.84,42.33,9.1
162368.0,38.0,0.0,72.19,43.74,8.79
155147.0,40.0,0.0,71.44,47.43,6.55
141717.0,34.0,0.0,71.47,53.17,8.88
170027.0,43.0,0.0,74.05,44.46,6.67
177139.0,43.0,0.0,75.13,48.96,6.93
175866.0,36.0,0.0,79.74,48.31,8.3
172077.0,37.0,0.0,79.7,50.85,7.31
166477.0,31.0,0.0,75.74,55.63,17.65
161944.0,41.0,0.0,72.68,57.6,10.89
164585.0,48.0,0.0,70.41,57.0,6.46
184204.0,47.0,0.11,72.79,54.86,8.14
189749.0,52.0,0.0,72.79,50.67,7.83
184540.0,38.0,0.27,75.13,49.51,16.91
180320.0,49.0,0.0,70.45,55.51,10.94
184336.0,47.0,0.0,74.03,49.1,8.81
173694.0,46.0,0.0,73.71,46.71,8.1
173329.0,40.0,0.0,78.3,53.69,7.45
181673.0,33.0,0.0,75.51,52.41,14.5
181436.0,45.0,0.22,71.64,56.12,11.72
181880.0,53.0,1.8,63.91,51.39,11.77
175648.0,54.0,0.0,73.35,41.13,10.85
168619.0,34.0,0.0,77.05,47.41,5.48
146848.0,39.0,0.0,72.41,51.35,14.74
142797.0,30.0,0.0,78.51,46.92,10.54
168061.0,29.0,0.0,82.51,51.94,6.33
167494.0,23.0,0.0,77.07,57.74,19.71
167468.0,27.0,0.0,77.86,50.61,7.4
170156.0,35.0,0.0,78.35,56.71,6.53
166469.0,30.0,0.0,77.29,53.62,10.09
149140.0,27.0,0.0,78.24,56.17,9.75
144175.0,23.0,0.11,80.94,54.16,8.3
169341.0,21.0,0.0,80.38,55.18,13.04
167708.0,24.0,0.0,78.98,55.09,9.15
168010.0,27.0,0.0,80.37,55.33,14.72
170897.0,26.0,0.0,82.76,58.55,10.11
169620.0,30.0,0.0,85.14,52.88,8.55
151262.0,32.0,0.0,85.8,57.81,13.91
143577.0,36.0,0.0,77.63,62.53,15.79
167241.0,34.0,0.0,79.25,55.18,8.03
168456.0,34.0,0.0,79.72,59.4,6.35
167527.0,35.0,0.0,82.09,65.95,11.72
166692.0,44.0,1.25,80.76,65.52,10.8
163524.0,48.0,0.0,82.09,58.37,11.79
145059.0,37.0,0.0,87.22,57.65,9.51
137928.0,37.0,0.0,82.99,60.69,11.74
164211.0,27.0,0.0,88.57,60.26,8.39
168758.0,32.0,0.12,93.09,62.53,13.18
166567.0,23.0,0.14,82.76,65.98,14.27
173561.0,39.0,0.12,69.1,58.39,16.13
165906.0,28.0,0.0,74.1,56.84,10.94
148063.0,31.0,0.0,80.01,57.43,10.54
147504.0,40.0,0.0,81.25,59.11,14.0
168885.0,40.0,0.0,87.48,56.32,13.91
168049.0,35.0,0.0,85.41,63.95,11.61
166646.0,32.0,0.0,87.33,62.35,15.01
166754.0,32.0,0.36,75.85,61.39,14.34
165007.0,69.0,7.44,66.52,54.73,10.78
147404.0,56.0,0.0,73.13,49.39,8.5
140410.0,42.0,0.0,73.83,56.64,11.1
168813.0,40.0,0.0,81.9,52.23,6.38
177844.0,67.0,2.26,71.31,62.49,17.47
186370.0,36.0,0.0,77.45,56.34,7.02
201418.0,40.0,0.0,82.09,53.8,13.0
207783.0,42.0,0.3,85.69,57.49,8.77
190650.0,33.0,0.13,85.98,60.35,11.61
172858.0,29.0,0.26,85.62,63.32,8.55
171371.0,35.0,0.58,81.63,62.42,10.58
196745.0,53.0,0.0,79.92,54.63,5.55
202005.0,40.0,0.0,87.33,55.45,8.75
211466.0,39.0,0.0,89.44,62.89,7.74
203029.0,33.0,0.0,91.74,63.32,13.15
167681.0,30.0,0.0,94.73,68.47,9.66
162900.0,29.0,0.0,91.53,70.16,14.99
187840.0,26.0,0.0,92.66,67.84,12.44
175756.0,28.0,0.0,94.91,69.4,7.07
168429.0,34.0,0.68,95.7,69.39,9.95
170009.0,30.0,0.0,95.81,66.99,5.68
186258.0,29.0,0.0,96.19,71.69,7.11
207763.0,27.0,0.0,98.85,69.87,13.18
171083.0,27.0,0.0,97.75,77.97,17.56
176025.0,29.0,0.0,95.99,77.77,14.74
183234.0,31.0,0.0,97.48,78.03,15.28
204324.0,31.0,0.0,95.79,71.51,13.73
206630.0,31.0,0.0,93.33,72.93,11.74
200606.0,31.0,0.2,95.99,70.14,14.09
183350.0,25.0,0.0,93.36,70.25,12.39
187545.0,34.0,0.0,89.69,65.48,8.39
227548.0,33.0,0.0,91.54,66.43,10.11
219106.0,38.0,0.0,87.69,71.44,9.13
199172.0,44.0,0.11,85.23,64.35,12.64
196044.0,63.0,4.79,77.86,61.52,15.93
194822.0,63.0,0.95,81.12,62.37,12.3
187555.0,42.0,0.0,85.71,57.81,6.78
203798.0,35.0,0.0,89.56,61.97,8.86
238106.0,43.0,0.0,90.72,65.03,6.44
202984.0,36.0,0.0,92.08,67.42,8.84
182700.0,33.0,0.0,96.21,66.81,7.81
188218.0,31.0,0.0,99.27,68.34,7.02
181849.0,34.0,0.0,95.43,75.04,12.08
151160.0,35.0,0.0,94.51,68.32,6.04
145521.0,37.0,0.0,91.35,75.07,10.58
151289.0,35.0,0.29,92.55,68.43,10.13
202994.0,52.0,0.3,78.76,69.21,17.05
219378.0,67.0,0.46,77.83,67.64,14.0
229911.0,52.0,0.15,85.96,61.61,7.23
232403.0,57.0,0.34,84.13,65.46,12.95
193190.0,51.0,0.0,83.52,61.68,6.06
182727.0,48.0,1.2,88.07,64.85,10.98
219576.0,49.0,0.0,89.71,65.03,7.27
242988.0,40.0,0.0,94.24,66.16,6.11
251766.0,39.0,0.0,97.48,67.51,9.13
230275.0,43.0,0.13,94.24,70.41,11.14
225182.0,47.0,0.0,87.66,74.95,19.71
182686.0,51.0,0.37,92.34,62.13,7.36
185002.0,41.0,0.0,94.71,66.49,8.28
231141.0,42.0,0.34,86.59,71.33,15.79
223504.0,51.0,0.0,87.17,64.13,6.58
215293.0,38.0,0.0,87.91,68.86,14.85
230731.0,39.0,0.0,89.37,64.33,7.09
244593.0,38.0,0.22,85.55,67.41,11.63
237766.0,49.0,1.3,82.78,64.63,13.62
207606.0,48.0,0.0,89.65,60.75,6.29
245471.0,43.0,0.0,93.47,63.7,8.05
233229.0,40.0,0.0,98.08,67.3,6.55
231797.0,38.0,0.0,99.7,69.85,6.33
226472.0,40.0,0.0,93.18,71.46,13.6
222028.0,38.0,0.0,91.83,74.7,14.72
195567.0,43.0,0.0,87.57,71.17,14.7
194164.0,40.0,2.24,82.36,67.41,22.06
228261.0,74.0,0.63,83.84,64.26,8.99
232595.0,53.0,0.0,88.12,62.26,5.68
234774.0,30.0,0.0,89.29,64.69,5.97
241070.0,41.0,0.0,92.53,66.96,6.42
245414.0,44.0,0.0,89.35,70.95,11.54
211256.0,45.0,0.0,91.02,67.91,14.88
188257.0,51.0,0.93,83.95,71.73,9.64
218509.0,66.0,0.52,86.0,65.08,7.11
234369.0,53.0,0.0,88.68,66.29,6.24
244371.0,53.0,0.0,84.22,68.43,7.36
248054.0,44.0,0.11,89.38,65.84,5.39
251666.0,43.0,0.0,89.71,69.01,7.27
225542.0,48.0,0.37,88.83,67.33,7.25
194837.0,45.0,0.0,88.52,67.41,5.93
215420.0,45.0,0.84,82.53,69.49,11.88
226749.0,70.0,2.46,78.91,63.88,7.74
222365.0,69.0,2.89,80.04,62.62,7.47
225149.0,76.0,4.9,73.11,64.13,8.84
227188.0,73.0,0.0,75.79,59.97,5.37
213573.0,65.0,0.68,78.24,61.68,4.56
188203.0,71.0,1.95,84.61,63.48,6.2
196042.0,57.0,0.47,85.8,64.31,8.88
200129.0,59.0,0.65,83.61,63.03,8.25
213673.0,70.0,0.0,78.94,60.75,6.85
244827.0,66.0,1.26,76.24,62.04,5.53
234152.0,66.0,1.45,73.24,65.95,6.02
211614.0,76.0,1.31,72.72,63.43,7.9
214128.0,78.0,0.0,82.83,61.9,7.56
231761.0,67.0,0.56,82.0,61.54,6.58
220356.0,52.0,0.87,77.59,62.94,10.89
217967.0,48.0,0.24,80.37,61.52,5.23
193127.0,49.0,0.0,83.89,60.91,4.79
180299.0,49.0,0.0,80.33,64.04,10.02
157373.0,83.0,6.1,71.64,63.25,8.84
155458.0,73.0,0.11,79.0,59.72,7.92
173454.0,62.0,0.0,79.54,60.8,7.7
227497.0,54.0,1.29,82.65,58.37,8.08
249863.0,47.0,0.38,81.77,60.91,6.73
244790.0,57.0,0.0,84.69,58.73,12.64
228855.0,54.0,0.0,86.88,59.79,9.57
209955.0,60.0,0.0,84.79,64.67,8.9
163938.0,54.0,0.0,84.22,63.03,6.78
185241.0,59.0,0.0,81.05,64.04,8.86
193457.0,61.0,0.0,78.33,64.17,8.19
188259.0,71.0,0.0,79.16,61.25,8.32
182734.0,55.0,0.0,83.59,58.8,12.21
188596.0,51.0,0.0,83.5,59.54,10.38
181867.0,47.0,0.0,84.85,59.4,5.88
176748.0,38.0,0.0,86.13,58.12,9.26
204871.0,50.0,0.0,87.87,57.22,10.96
206841.0,46.0,0.0,88.34,59.72,8.61
206683.0,45.0,0.0,89.89,57.38,8.57
211711.0,45.0,0.0,87.82,60.98,6.29
212814.0,44.0,0.0,88.88,57.94,10.94
168947.0,40.0,0.0,82.53,57.76,9.91
150749.0,39.0,0.0,81.36,60.58,9.55
173916.0,47.0,0.0,77.76,55.63,5.91
171328.0,54.0,0.0,78.26,57.63,7.58
171969.0,55.0,0.0,77.14,55.87,6.22
172671.0,68.0,0.0,76.42,56.8,5.14
170062.0,61.0,0.0,81.3,52.75,8.55
150926.0,54.0,0.0,82.67,56.07,4.92
144214.0,48.0,0.2,77.25,57.0,11.52
168039.0,26.0,0.66,71.94,52.47,14.99
174603.0,52.0,0.0,69.19,45.59,8.3
176985.0,57.0,0.0,70.14,44.55,5.44
183636.0,49.0,0.0,69.12,48.04,11.81
179807.0,58.0,0.0,64.63,46.17,6.78
151776.0,59.0,0.0,71.31,42.57,5.82
142340.0,53.0,0.0,73.15,45.43,5.75
165263.0,47.0,0.0,72.91,44.24,7.31
170314.0,40.0,0.0,74.1,48.7,10.02
172682.0,41.0,0.0,73.89,43.14,7.18
170094.0,49.0,0.0,75.56,42.49,5.37
168240.0,47.0,0.0,72.54,42.55,8.88
151223.0,32.0,0.0,72.23,44.47,5.86
147903.0,40.0,0.0,71.62,40.78,7.31
182444.0,54.0,0.0,72.84,41.38,7.34
188302.0,45.0,0.0,72.59,43.05,9.93
181537.0,46.0,0.0,70.81,47.95,8.61
174751.0,41.0,0.0,63.73,45.01,14.83
171443.0,57.0,0.19,57.74,43.84,10.92
156035.0,57.0,0.24,58.84,42.98,9.57
147046.0,65.0,0.0,61.93,38.77,6.85
168913.0,61.0,0.11,61.61,41.49,7.58
175515.0,59.0,0.0,57.24,42.26,9.1
178427.0,66.0,0.0,53.78,42.37,11.23
179108.0,69.0,0.26,49.75,37.6,8.57
171846.0,72.0,0.0,52.0,35.35,8.3
152443.0,68.0,0.0,53.28,30.88,4.38
146333.0,61.0,0.0,56.82,33.08,7.99
170319.0,67.0,0.0,57.94,31.82,4.52
175233.0,62.0,0.0,60.21,32.16,4.74
174850.0,60.0,0.0,61.38,30.99,4.47
173544.0,63.0,0.0,62.56,33.15,4.79
169359.0,62.0,0.12,55.83,34.32,3.49
156048.0,47.0,0.0,58.3,37.9,10.11
153721.0,49.0,0.0,51.64,29.71,6.38
168879.0,68.0,0.0,52.57,25.68,7.92
169937.0,57.0,0.0,52.39,31.93,3.18
171202.0,55.0,0.0,55.49,25.79,3.98
172686.0,44.0,0.0,53.85,26.46,3.51
169991.0,57.0,0.0,57.42,29.07,3.94
160248.0,48.0,0.0,58.77,34.18,4.03
155983.0,46.0,0.0,61.59,35.4,4.76
178399.0,48.0,0.0,55.94,35.85,6.46
177843.0,49.0,0.0,54.68,26.89,4.79
178034.0,56.0,0.0,52.95,32.05,5.73
177709.0,56.0,0.0,49.35,28.98,5.48
171836.0,54.0,0.0,54.91,33.19,7.9
163652.0,55.0,0.0,45.86,29.48,8.95
174276.0,65.0,0.0,38.05,25.47,10.04
196079.0,68.0,0.0,39.94,29.82,10.2
196423.0,89.0,1.8,35.11,31.41,5.84
188932.0,82.0,0.0,34.38,28.76,6.73
151873.0,69.0,0.0,35.82,27.37,6.93
155055.0,74.0,0.0,39.09,26.08,5.08
158077.0,80.0,0.12,36.59,26.19,5.3
156377.0,73.0,0.0,39.06,24.12,4.5
183756.0,78.0,0.0,39.92,23.34,3.89
178178.0,79.0,0.0,38.75,21.52,4.79
176298.0,78.0,0.0,39.29,23.29,5.39
188397.0,88.0,0.0,39.11,17.38,4.47
189423.0,82.0,0.0,41.22,19.78,4.99
175387.0,69.0,0.0,42.87,23.27,5.86
168379.0,69.0,0.0,40.96,23.99,6.4
193626.0,77.0,0.0,44.38,23.67,5.79
201645.0,79.0,0.0,44.62,23.65,3.33
197805.0,74.0,0.0,42.78,24.64,5.99
210756.0,74.0,0.0,42.03,21.85,4.97
211606.0,76.0,0.0,45.36,26.04,7.81
193228.0,80.0,0.0,42.44,26.28,4.45
186705.0,72.0,0.0,40.39,28.24,4.92
203833.0,82.0,0.0,40.06,23.63,5.53
212117.0,84.0,0.0,41.67,24.8,3.94
216877.0,87.0,0.0,39.29,19.85,3.69
229580.0,96.0,0.0,36.63,18.43,5.68
228467.0,90.0,0.0,41.49,19.72,4.43
195485.0,85.0,0.0,38.5,16.59,5.01
190287.0,74.0,0.0,39.31,20.53,4.29
219951.0,80.0,0.0,35.56,23.67,5.1
216170.0,82.0,0.0,39.4,21.6,5.39
209549.0,88.0,0.0,35.19,17.78,4.97
199435.0,80.0,0.0,35.19,20.66,6.22
186338.0,75.0,0.0,35.65,22.46,3.96
163877.0,62.0,0.0,40.69,22.44,10.8
158876.0,80.0,0.0,35.62,17.91,4.81
157894.0,85.0,0.0,31.8,14.58,4.74
179125.0,93.0,0.0,28.38,15.71,6.73
184423.0,89.0,0.0,32.74,18.16,4.12
185791.0,84.0,0.0,30.11,20.08,8.66
186930.0,84.0,0.0,35.73,16.2,4.72
173117.0,80.0,0.0,36.27,19.35,6.31
160680.0,82.0,0.0,34.48,16.97,5.19
169000.0,85.0,0.0,35.49,14.47,3.8
185898.0,88.0,0.0,29.48,15.03,4.45
204789.0,78.0,0.0,31.91,20.12,4.05
218261.0,88.0,0.49,30.49,23.32,4.54
221755.0,81.0,0.0,35.24,18.61,4.63
210393.0,83.0,0.0,30.52,22.08,5.68
203661.0,90.0,0.0,28.38,21.27,4.52
219316.0,90.0,0.0,29.77,16.14,8.05
209260.0,84.0,0.0,30.47,12.78,5.14
192847.0,92.0,0.0,28.6,10.38,6.64
190643.0,87.0,0.0,25.88,12.34,5.91
201751.0,75.0,0.0,26.56,11.88,6.06
185615.0,80.0,0.0,26.76,12.34,5.03
177387.0,76.0,0.0,28.29,9.37,5.44
197917.0,77.0,0.0,29.28,8.71,6.29
189800.0,71.0,0.0,30.09,6.53,5.99
194048.0,74.0,0.0,30.6,9.28,4.0
192644.0,70.0,0.0,32.16,8.46,5.99
188506.0,79.0,0.0,31.01,8.8,5.3
161923.0,71.0,0.0,34.0,8.53,5.08
152744.0,66.0,0.0,34.12,14.25,5.86
182837.0,72.0,0.0,37.29,10.58,4.59
193374.0,58.0,0.0,35.78,18.16,6.51
190564.0,59.0,0.0,39.33,26.24,7.9
195651.0,65.0,0.0,34.63,23.63,7.43
198244.0,70.0,0.0,36.41,18.05,5.48
188323.0,80.0,0.11,37.89,14.36,6.58
177600.0,78.0,0.0,37.54,20.21,5.35
202545.0,81.0,0.0,38.75,17.71,4.36
205136.0,86.0,0.0,37.09,17.22,5.06
195042.0,86.0,0.0,37.74,22.41,5.41
203854.0,80.0,0.0,40.19,23.45,5.21
211004.0,75.0,0.0,41.22,24.78,4.59
190536.0,68.0,0.0,42.26,26.01,5.12
172668.0,71.0,0.32,40.08,26.83,8.79
188442.0,81.0,0.0,42.69,23.95,5.66
184836.0,77.0,0.0,39.52,23.23,4.38
191312.0,78.0,0.0,39.49,19.71,7.54
207697.0,81.0,0.0,39.9,21.07,7.29
209289.0,76.0,0.0,41.7,24.82,5.66
173413.0,72.0,0.0,42.76,27.93,7.4
164724.0,72.0,0.0,45.81,26.19,5.44
192319.0,72.0,0.0,45.54,26.01,3.44
191363.0,72.0,0.0,49.73,24.03,6.91
198410.0,78.0,0.0,44.58,27.64,6.4
203478.0,64.0,0.0,52.03,32.02,8.93
190023.0,65.0,0.0,51.84,28.83,6.89
158837.0,63.0,0.0,53.46,30.51,8.5
148195.0,66.0,0.89,51.48,29.26,13.06
174149.0,90.0,6.55,42.48,31.98,10.16
178256.0,86.0,0.58,39.24,28.44,7.36
174244.0,82.0,0.0,39.7,24.22,8.5
171635.0,76.0,0.0,42.21,25.57,9.31
169041.0,72.0,0.0,47.07,25.74,6.87
162379.0,68.0,0.0,47.39,24.06,6.85
165667.0,74.0,0.0,47.91,28.2,9.98
184256.0,72.0,0.0,46.94,29.1,12.03
181932.0,60.0,0.0,50.05,25.74,5.32
177654.0,57.0,0.0,51.66,27.3,6.91
193882.0,64.0,0.0,53.55,29.08,4.94
199531.0,64.0,0.0,51.08,30.92,8.28
180228.0,56.0,0.0,53.11,32.77,11.27
171749.0,56.0,0.0,52.25,34.25,8.28
181537.0,58.0,0.0,52.92,28.29,6.96
180705.0,55.0,0.0,54.27,31.48,5.66
179373.0,54.0,0.0,55.0,34.16,7.49
179653.0,52.0,0.0,52.75,33.44,8.95
191739.0,37.0,0.0,52.56,28.0,10.51
186452.0,72.0,1.35,49.33,37.24,11.86
171503.0,63.0,0.0,50.4,35.01,8.23
204415.0,61.0,0.0,52.05,32.38,7.63
212022.0,57.0,0.0,52.99,35.28,7.02
212350.0,58.0,0.0,55.26,29.07,7.11
201984.0,51.0,0.0,54.88,33.04,7.67
198637.0,45.0,0.0,58.32,31.51,5.35
177589.0,48.0,0.0,59.11,36.01,7.43
169667.0,53.0,0.0,55.81,36.64,8.59
187230.0,52.0,0.0,62.87,34.38,5.08
180466.0,43.0,0.0,61.36,38.01,7.92
193348.0,40.0,0.0,66.45,40.69,12.06
194263.0,28.0,0.0,60.1,42.37,9.64
175806.0,34.0,0.0,63.37,36.79,6.8
151944.0,35.0,0.0,65.26,39.52,5.91
149474.0,44.0,0.0,69.98,37.26,8.23
169792.0,49.0,0.0,70.86,41.72,7.14
175838.0,50.0,0.11,71.8,50.85,9.62
176150.0,43.0,0.0,71.02,46.67,7.25
179249.0,37.0,0.0,73.2,49.86,8.99
176099.0,38.0,0.0,71.92,50.81,6.85
164075.0,56.0,0.0,72.5,56.19,10.89
153869.0,52.0,0.0,71.42,47.8,9.44
170798.0,45.0,0.0,73.6,50.27,10.49
171778.0,40.0,0.0,75.76,57.87,14.47
171094.0,63.0,0.8,63.16,49.35,15.73
179503.0,67.0,1.1,59.2,46.08,4.63
187076.0,84.0,3.06,54.39,45.61,9.8
161406.0,58.0,0.0,62.38,42.96,7.05
148222.0,69.0,0.0,61.21,43.32,6.8
167785.0,65.0,0.0,66.4,44.15,7.9
167369.0,50.0,0.0,72.16,42.96,5.97
166983.0,41.0,0.0,73.33,47.77,9.53
169622.0,38.0,0.0,72.19,52.43,9.89
153794.0,52.0,5.57,68.77,48.67,14.47
142985.0,39.0,0.0,72.54,44.8,6.96
136447.0,39.0,0.0,75.7,45.57,5.5
158368.0,40.0,0.0,81.75,45.86,9.46
167850.0,37.0,0.13,81.14,59.36,16.71
173130.0,58.0,0.4,63.75,56.93,12.64
173643.0,61.0,0.0,70.54,49.71,4.79
164482.0,47.0,0.0,75.52,51.19,5.73
150524.0,50.0,1.79,79.29,54.97,9.91
145409.0,64.0,0.96,69.44,59.13,10.51
165137.0,43.0,0.0,74.98,49.87,6.44
165052.0,29.0,0.16,79.5,52.77,7.49
172056.0,32.0,0.0,85.77,58.84,13.02
172904.0,32.0,0.0,82.81,55.87,12.3
163555.0,34.0,0.0,82.22,59.49,16.22
149503.0,46.0,0.0,68.14,60.06,25.55
148735.0,58.0,0.0,63.45,55.13,18.32
171011.0,29.0,0.0,68.31,49.53,8.84
168872.0,36.0,0.0,72.3,42.39,11.54
170330.0,26.0,0.0,72.0,47.77,10.47
172790.0,28.0,0.0,77.67,49.26,6.67
172024.0,32.0,0.0,77.88,53.96,10.74
157466.0,36.0,0.0,81.5,49.51,8.93
146036.0,34.0,0.0,86.54,53.76,9.89
168551.0,26.0,0.0,87.04,58.15,15.55
170965.0,30.0,0.0,85.12,65.71,13.18
166583.0,32.0,0.0,84.9,61.68,7.94
166827.0,39.0,0.7,87.69,60.21,13.0
163898.0,22.0,0.0,90.39,59.72,6.2
146925.0,24.0,0.0,91.09,58.21,11.1
139802.0,23.0,0.0,93.06,59.88,11.61
166172.0,20.0,0.0,90.97,60.84,7.56
178809.0,23.0,0.0,91.08,59.0,7.76
196914.0,23.0,0.0,92.5,60.22,10.04
207840.0,26.0,0.0,95.25,64.09,7.72
176429.0,21.0,0.47,88.63,71.29,9.98
150519.0,23.0,0.0,84.74,59.74,9.26
150275.0,39.0,0.0,82.42,59.22,13.91
169190.0,31.0,0.0,90.57,58.46,10.8
173070.0,30.0,0.0,90.18,61.74,15.14
170349.0,27.0,0.0,89.08,66.07,10.27
169398.0,27.0,0.0,91.94,61.32,7.96
163324.0,30.0,0.0,94.08,63.97,13.73
145211.0,22.0,0.0,91.8,70.56,12.86
145238.0,23.0,0.0,92.05,62.89,13.06
148386.0,28.0,0.0,91.26,67.28,11.86
173285.0,27.0,0.0,92.35,63.52,17.02
174241.0,30.0,0.0,82.44,70.11,23.2
173110.0,49.0,3.43,73.85,61.02,17.83
172398.0,69.0,0.12,75.36,56.14,4.68
159348.0,53.0,0.0,85.87,57.49,8.72
161103.0,34.0,0.0,87.17,63.09,10.6
179361.0,53.0,0.54,79.3,67.26,9.62
164942.0,56.0,0.11,84.69,58.64,8.9
165455.0,62.0,1.91,82.02,63.16,13.53
169002.0,38.0,0.0,84.6,55.0,11.03
171003.0,32.0,0.0,88.41,58.24,7.34
175537.0,30.0,0.0,88.77,64.96,14.63
187059.0,30.0,0.0,91.24,62.71,12.53
229334.0,25.0,0.0,94.21,64.9,10.74
239732.0,26.0,0.0,94.53,67.91,13.13
226039.0,25.0,0.0,93.09,64.96,10.87
222184.0,26.0,0.0,94.33,68.47,7.43
229190.0,30.0,0.0,98.02,67.96,11.1
216074.0,25.0,0.62,96.24,66.97,12.84
202777.0,25.0,0.0,95.31,69.3,7.11
200426.0,23.0,0.0,96.15,69.39,9.35
188037.0,32.0,0.0,92.73,70.99,11.59
190819.0,37.0,0.0,91.69,72.97,18.84
209163.0,35.0,0.14,91.62,74.39,10.47
203896.0,46.0,0.31,90.05,69.96,9.15
175132.0,55.0,0.0,91.18,65.64,10.98
155635.0,66.0,0.12,78.48,68.88,15.48
172966.0,53.0,1.37,87.48,65.35,5.64
170667.0,46.0,1.02,91.2,66.11,12.3
178101.0,51.0,2.17,77.67,62.98,9.46
205665.0,72.0,0.73,77.86,61.77,4.94
211633.0,70.0,0.0,84.99,60.19,7.63
185167.0,47.0,1.21,92.41,64.58,13.58
181764.0,39.0,0.18,92.73,66.99,8.12
192388.0,67.0,1.2,76.21,68.52,17.69
175172.0,48.0,0.0,87.39,63.28,12.26
199599.0,35.0,0.0,92.5,67.37,10.11
208029.0,40.0,0.0,93.49,71.55,10.76
201665.0,36.0,0.0,97.59,68.14,10.29
178784.0,35.0,0.0,101.52,69.87,11.3
165786.0,29.0,0.0,104.31,72.3,9.17
185036.0,35.0,0.0,104.23,73.92,9.69
212291.0,30.0,0.0,97.54,79.29,12.53
222583.0,40.0,0.32,93.36,70.38,8.21
221976.0,40.0,0.0,89.37,70.52,8.03
225225.0,50.0,0.0,93.0,68.97,8.41
184803.0,52.0,0.31,87.85,70.7,9.04
183303.0,84.0,7.19,80.4,66.49,7.83
209571.0,75.0,0.43,82.76,66.11,8.55
216715.0,66.0,1.32,84.7,66.22,8.12
238280.0,53.0,4.18,87.93,66.04,8.46
241247.0,54.0,1.4,85.59,65.8,8.25
241734.0,58.0,1.84,84.58,61.97,6.24
205482.0,53.0,0.39,87.46,64.85,9.64
199979.0,47.0,0.86,88.34,67.15,9.82
196605.0,51.0,0.52,83.32,69.15,7.05
187866.0,59.0,0.0,84.47,67.05,6.55
196733.0,60.0,0.48,87.48,67.62,7.85
214793.0,50.0,0.0,93.11,67.12,9.08
202783.0,44.0,0.0,97.18,69.6,9.31
167763.0,41.0,0.66,95.81,73.4,9.26
176992.0,50.0,3.19,86.32,70.47,8.05
211445.0,53.0,0.0,88.23,62.47,9.69
218914.0,49.0,1.12,89.19,65.46,8.23
221084.0,51.0,0.0,90.86,66.45,7.25
219334.0,57.0,0.55,82.47,67.5,6.58
198938.0,62.0,0.0,79.0,66.0,10.45
160832.0,73.0,0.0,87.48,62.55,6.08
156418.0,47.0,0.17,92.17,65.16,7.61
187477.0,38.0,0.0,94.41,66.2,7.16
192117.0,40.0,0.0,95.22,68.9,7.09
195305.0,43.0,0.0,87.98,70.14,13.49
198000.0,41.0,0.0,91.56,62.33,4.85
196719.0,42.0,0.0,87.33,68.23,9.89
174445.0,48.0,0.0,86.61,64.67,8.7
167230.0,42.0,0.0,84.76,61.81,11.36
200234.0,85.0,5.69,74.16,61.0,11.34
216457.0,74.0,0.0,83.59,58.8,10.02
217507.0,59.0,0.0,83.21,62.74,8.68
220941.0,75.0,3.77,73.02,62.65,7.47
222576.0,62.0,0.0,82.71,60.75,6.04
186468.0,48.0,0.0,84.31,59.83,7.99
184085.0,61.0,2.44,76.77,63.77,9.24
230474.0,72.0,2.93,75.78,58.51,6.42
223567.0,76.0,0.81,74.26,57.24,7.74
194760.0,72.0,0.62,69.94,60.53,9.42
179381.0,86.0,2.76,71.19,58.46,6.24
171890.0,72.0,0.0,75.24,58.87,9.62
154081.0,69.0,0.0,81.0,56.3,10.31
153978.0,61.0,0.0,82.42,58.3,8.1
182887.0,57.0,0.0,86.09,59.36,6.96
183752.0,58.0,0.0,88.03,60.85,8.75
188312.0,56.0,0.0,83.95,66.65,6.55
179291.0,58.0,0.4,87.49,61.47,5.99
163452.0,54.0,1.01,82.85,63.27,8.66
142713.0,58.0,1.87,80.91,63.39,9.17
139833.0,57.0,0.0,84.07,58.82,5.12
155649.0,43.0,0.0,85.35,56.07,5.55
179032.0,48.0,0.16,83.37,56.86,8.79
170816.0,53.0,0.0,85.86,59.68,5.64
168665.0,51.0,0.13,87.93,57.22,11.7
166879.0,36.0,0.0,86.02,62.44,7.63
148785.0,44.0,0.0,85.82,57.13,8.68
142479.0,50.0,0.0,84.99,58.48,6.8
166601.0,50.0,0.0,86.07,62.26,6.29
170518.0,46.0,0.0,85.14,57.9,11.99
180967.0,37.0,0.0,85.69,58.24,9.42
178652.0,38.0,0.0,84.42,58.84,12.8
179841.0,52.0,0.12,73.36,63.48,8.72
167204.0,51.0,0.0,80.58,56.73,6.93
168122.0,52.0,0.0,82.94,54.84,6.2
195708.0,41.0,0.0,85.01,56.32,7.83
195238.0,41.0,0.0,80.69,59.34,9.93
204050.0,44.0,0.0,84.18,56.91,5.53
215968.0,30.0,0.0,82.56,55.51,7.56
213508.0,52.0,0.32,76.75,61.03,10.71
190987.0,61.0,0.0,80.22,54.3,5.86
192149.0,45.0,0.0,82.44,55.65,6.55
222468.0,36.0,0.0,76.5,52.12,12.06
225075.0,45.0,0.0,73.53,52.65,11.03
215320.0,45.0,0.11,73.38,49.8,10.07
176275.0,44.0,0.0,78.76,47.39,5.59
166162.0,51.0,0.0,79.12,49.82,8.93
146807.0,46.0,0.0,76.69,58.3,12.06
143396.0,32.0,0.0,69.19,53.89,8.37
169248.0,43.0,0.0,67.66,48.15,6.6
175997.0,51.0,0.0,71.69,47.84,5.21
184819.0,46.0,0.0,72.73,49.35,5.57
179423.0,51.0,0.0,78.87,52.41,9.98
176219.0,42.0,0.0,73.26,56.98,13.87
167713.0,44.0,0.0,67.59,55.29,11.03
156367.0,74.0,5.55,58.87,45.63,12.8
181148.0,77.0,0.0,52.7,43.9,5.01
181647.0,72.0,0.0,57.83,44.37,4.47
173639.0,79.0,0.0,63.19,41.92,4.43
171426.0,80.0,0.0,66.4,43.88,5.82
172230.0,75.0,0.0,69.06,45.95,4.94
156436.0,68.0,0.31,69.73,44.91,6.04
153060.0,69.0,0.0,69.19,45.97,5.35
162823.0,70.0,0.0,69.66,43.65,5.77
168838.0,66.0,0.0,70.61,44.31,5.48
169021.0,62.0,0.0,71.13,41.32,5.01
169891.0,63.0,0.0,70.03,42.69,5.86
166613.0,43.0,0.0,70.39,44.73,9.08
150544.0,41.0,0.0,68.97,39.52,8.86
146025.0,48.0,0.0,69.98,41.11,5.93
169378.0,59.0,0.0,69.1,38.75,5.99
168394.0,54.0,0.0,67.15,39.18,5.28
172249.0,52.0,0.0,69.55,42.04,6.76
174342.0,43.0,0.0,67.8,40.77,4.63
170889.0,45.0,0.0,68.04,39.88,10.56
158610.0,44.0,0.0,57.78,41.5,10.89
156658.0,46.0,0.0,61.3,32.76,5.23
180648.0,54.0,0.0,61.86,35.06,6.53
182692.0,59.0,0.0,63.57,36.23,5.26
183885.0,53.0,0.0,66.92,38.7,5.19
174937.0,55.0,0.0,67.75,39.16,6.51
168538.0,51.0,0.0,67.69,35.92,3.87
157750.0,57.0,0.0,64.69,39.07,4.63
155250.0,47.0,0.0,67.05,40.5,7.38
166838.0,60.0,0.0,63.0,39.31,5.48
174308.0,60.0,0.0,60.31,36.43,5.64
175410.0,57.0,0.0,62.29,37.51,6.35
178334.0,57.0,0.0,58.06,35.13,7.43
188506.0,63.0,0.0,56.64,34.12,4.65
179996.0,65.0,0.0,58.41,31.66,3.98
168900.0,59.0,0.0,57.25,31.14,5.28
187226.0,64.0,0.0,54.32,27.27,5.73
185910.0,65.0,0.0,53.91,28.33,4.76
190475.0,65.0,0.0,52.25,29.53,2.8
187205.0,60.0,0.0,53.76,32.45,7.63
184342.0,68.0,0.0,51.42,29.03,7.09
170128.0,64.0,0.0,48.16,25.3,6.06
171538.0,69.0,0.0,46.33,27.57,3.56
190090.0,67.0,0.0,48.63,24.49,4.14
185368.0,63.0,0.0,46.76,20.86,4.47
183336.0,64.0,0.0,46.38,21.7,5.1
159508.0,65.0,0.0,43.95,19.38,4.74
156626.0,61.0,0.0,44.46,22.33,5.17
151442.0,66.0,0.0,41.56,22.28,5.82
157754.0,68.0,0.0,44.91,22.68,4.52
179810.0,57.0,0.0,46.33,27.18,4.54
178820.0,62.0,0.0,45.0,24.91,4.92
176894.0,77.0,0.0,43.5,20.34,6.31
186154.0,73.0,0.0,41.27,22.35,3.85
183369.0,68.0,0.0,41.59,23.29,3.85
173345.0,67.0,0.0,37.8,24.4,4.34
165179.0,69.0,0.0,38.53,25.86,9.42
185005.0,71.0,0.0,43.86,24.8,9.98
184008.0,62.0,0.0,40.12,20.25,6.87
197733.0,62.0,0.0,37.99,17.83,4.97
201734.0,60.0,0.0,38.62,20.32,5.64
203061.0,70.0,0.0,35.22,14.52,6.24
188629.0,68.0,0.0,36.25,18.97,3.09
183053.0,54.0,0.0,38.5,22.06,5.7
200673.0,71.0,0.0,37.33,17.78,5.3
209120.0,67.0,0.0,35.69,21.49,4.43
216821.0,70.0,0.0,38.23,22.98,4.65
212082.0,69.0,0.0,37.02,20.79,5.75
214440.0,71.0,0.0,32.72,20.61,8.84
186940.0,84.0,0.0,30.31,22.91,5.46
179012.0,86.0,0.0,31.95,23.45,7.9
192682.0,83.0,0.0,31.08,22.57,6.73
186561.0,84.0,0.0,30.61,18.73,4.54
193340.0,84.0,0.0,30.85,18.45,5.91
196877.0,89.0,0.0,30.69,16.39,3.98
185170.0,88.0,0.0,33.3,15.76,4.92
171246.0,90.0,0.0,32.76,14.86,3.62
166712.0,80.0,0.0,34.5,15.8,4.63
173340.0,81.0,0.0,32.43,15.62,4.94
197588.0,78.0,0.0,34.56,18.28,5.08
214057.0,70.0,0.11,40.28,21.7,22.39
215388.0,36.0,0.0,42.22,24.76,20.04
206563.0,54.0,0.0,39.34,19.89,5.39
196761.0,80.0,0.0,34.56,14.34,5.99
195619.0,73.0,0.0,35.22,11.28,3.06
201751.0,76.0,0.0,33.33,13.3,4.92
224173.0,69.0,0.0,29.19,12.45,7.38
228987.0,76.0,0.0,26.11,8.02,5.77
227890.0,79.0,0.0,25.0,8.29,3.6
236266.0,68.0,0.0,24.53,8.67,5.68
223158.0,77.0,0.0,23.38,4.46,3.65
213885.0,81.0,0.0,23.27,4.06,4.34
207707.0,62.0,0.0,25.39,4.55,5.73
203332.0,69.0,0.0,27.32,7.66,5.64
200262.0,70.0,0.0,28.63,8.13,5.23
183166.0,73.0,0.0,30.22,6.08,6.67
190766.0,69.0,0.0,30.09,7.57,7.16
202228.0,71.0,0.0,30.4,10.04,4.81
200257.0,60.0,0.0,30.58,15.53,5.48
218263.0,69.0,0.0,32.58,12.33,6.44
220890.0,65.0,0.0,32.2,13.93,9.55
228919.0,63.0,0.0,30.34,19.67,8.52
222855.0,59.0,0.0,34.3,16.9,4.92
207823.0,71.0,0.0,33.21,11.66,5.93
179997.0,65.0,0.0,39.29,16.09,4.21
168959.0,69.0,0.0,41.14,13.37,4.5
181544.0,72.0,0.0,39.76,11.28,3.85
189292.0,68.0,0.0,38.14,12.92,3.71
204510.0,67.0,0.0,37.17,16.32,6.33
203974.0,76.0,0.0,33.48,17.29,5.55
191428.0,73.0,0.0,32.83,13.19,9.06
171861.0,77.0,0.0,25.21,18.55,10.38
165518.0,82.0,2.11,21.47,16.99,9.15
196200.0,83.0,0.0,22.03,12.43,3.04
213280.0,69.0,0.0,21.51,4.26,9.01
206284.0,83.0,0.0,23.56,4.17,5.79
196702.0,79.0,0.41,24.33,15.1,4.52
216854.0,84.0,0.0,26.11,9.03,4.5
197224.0,81.0,0.0,24.08,11.34,4.76
181937.0,77.0,0.0,30.42,11.89,5.44
211686.0,78.0,0.0,30.13,9.43,5.59
209885.0,72.0,0.0,30.2,13.6,5.91
209319.0,60.0,0.0,33.89,14.76,6.67
213404.0,71.0,0.0,38.43,20.73,7.18
207993.0,60.0,0.0,40.84,21.67,7.38
184895.0,76.0,0.0,38.14,12.06,6.58
179319.0,61.0,0.0,39.63,17.71,4.61
200253.0,59.0,0.0,38.57,15.6,6.55
203476.0,55.0,0.0,40.14,19.71,4.76
190433.0,58.0,0.0,42.71,15.96,6.64
179920.0,56.0,0.0,40.42,23.02,6.67
189378.0,55.0,0.0,50.41,24.1,10.25
182891.0,52.0,0.0,47.88,22.69,5.53
170896.0,69.0,0.0,43.38,24.21,6.76
186575.0,69.0,0.0,42.35,24.84,6.6
175038.0,67.0,0.0,39.15,21.96,6.38
178239.0,64.0,0.0,39.36,21.52,6.33
191647.0,61.0,0.0,46.09,23.02,5.21
184063.0,61.0,0.0,50.67,21.9,4.05
167870.0,59.0,0.0,50.31,23.88,7.63
158913.0,56.0,0.0,52.07,29.3,5.99
181485.0,50.0,0.0,56.75,23.7,5.75
181981.0,58.0,0.0,56.77,28.98,6.71
181179.0,52.0,0.0,60.49,30.49,6.11
186460.0,52.0,0.0,60.73,31.1,5.19
190806.0,55.0,0.0,58.62,31.78,6.96
175536.0,54.0,0.0,61.11,36.21,10.78
170387.0,66.0,0.0,52.25,35.65,8.19
191150.0,63.0,0.0,55.22,32.41,4.21
189467.0,60.0,0.0,58.93,29.7,6.73
192778.0,54.0,0.0,58.37,37.38,6.78
199932.0,53.0,0.0,61.0,34.21,5.17
197756.0,56.0,0.0,61.84,35.62,7.18
177786.0,55.0,0.0,63.45,37.47,6.08
163687.0,49.0,0.0,67.24,34.79,5.57
193202.0,45.0,0.0,65.91,38.5,5.17
197141.0,44.0,0.0,67.03,44.2,7.11
199852.0,50.0,0.0,63.45,43.02,9.01
194687.0,53.0,0.0,65.23,43.03,6.29
196077.0,63.0,0.0,64.9,41.49,6.2
177634.0,55.0,0.0,63.82,42.55,7.34
164425.0,35.0,0.0,66.25,34.61,8.34
183298.0,41.0,0.0,66.11,34.66,8.63
193263.0,35.0,0.0,69.53,40.6,7.16
194765.0,40.0,0.0,68.94,38.44,7.43
189534.0,37.0,0.0,72.18,40.1,11.25
188300.0,38.0,0.0,73.81,41.94,7.25
173908.0,41.0,0.0,73.83,45.79,9.08
169430.0,28.0,0.0,74.61,46.96,10.04
183141.0,37.0,0.0,76.44,39.94,6.6
182889.0,35.0,0.0,75.87,49.96,7.14
177045.0,41.0,0.0,71.24,55.56,7.74
177289.0,52.0,0.0,68.27,48.11,6.33
169997.0,30.0,0.0,71.38,46.24,11.07
159958.0,32.0,0.0,77.25,41.95,10.96
148765.0,28.0,0.0,84.13,46.53,10.29
176503.0,35.0,0.0,74.84,56.71,20.89
183066.0,40.0,0.0,64.76,56.64,10.8
185446.0,39.0,0.0,72.91,47.71,7.92
188830.0,29.0,0.0,68.5,48.92,16.69
183248.0,18.0,0.0,64.87,47.57,9.44
171696.0,25.0,0.0,69.57,39.7,11.18
165300.0,30.0,0.0,72.45,45.12,7.36
187660.0,29.0,0.0,70.74,51.78,11.34
188827.0,31.0,0.0,68.18,52.65,10.87
181641.0,29.0,0.0,71.47,53.62,16.64
171371.0,24.0,0.0,64.74,43.43,10.42
163896.0,32.0,0.0,65.93,41.85,7.74
153892.0,25.0,0.0,71.69,43.81,10.2
157327.0,30.0,0.0,77.83,46.8,11.7
183412.0,35.0,0.0,79.02,48.0,8.72
193446.0,35.0,0.0,78.19,53.71,9.31
185532.0,34.0,0.0,79.99,55.06,20.78
183986.0,42.0,1.69,71.58,58.91,21.39
176857.0,43.0,0.0,64.17,53.82,7.85
159428.0,69.0,2.77,63.28,51.35,10.6
148528.0,55.0,0.0,71.35,44.92,7.45
168002.0,48.0,0.0,78.13,45.18,10.63
166410.0,43.0,0.0,83.64,50.61,8.25
169135.0,39.0,0.0,86.81,52.39,6.17
167708.0,35.0,0.0,80.73,55.54,14.9
163723.0,29.0,0.0,83.64,54.3,8.37
156177.0,21.0,0.0,79.23,59.38,10.76
152303.0,24.0,0.0,86.88,53.76,11.68
168864.0,25.0,0.0,87.87,51.85,6.22
168087.0,19.0,0.0,88.09,58.44,12.24
174581.0,23.0,0.0,86.52,59.74,16.11
180423.0,18.0,0.0,83.32,60.13,15.3
175154.0,21.0,0.17,82.26,61.27,12.62
148355.0,54.0,0.11,76.17,61.93,12.53
143998.0,37.0,0.0,80.6,51.89,6.98
161934.0,4.0,0.0,77.09,54.9,19.86
167365.0,25.0,0.0,71.82,51.24,10.87
176411.0,24.0,0.0,77.27,50.38,10.38
176115.0,26.0,0.0,83.52,53.29,11.23
162373.0,21.0,0.0,89.28,55.94,5.55
148774.0,25.0,0.0,94.6,57.25,9.04
142781.0,21.0,0.0,96.42,59.95,12.57
169599.0,26.0,0.0,90.9,67.53,13.69
176740.0,65.0,4.68,77.32,65.17,12.75
171327.0,68.0,0.52,68.14,57.04,5.82
177967.0,66.0,0.0,73.71,58.93,9.48
171975.0,64.0,2.56,74.86,57.65,6.2
159427.0,69.0,0.0,72.59,60.64,6.13
149422.0,59.0,0.16,73.22,57.96,6.49
172151.0,71.0,0.17,69.12,54.12,5.97
180144.0,39.0,0.0,71.69,55.31,12.44
175950.0,53.0,0.25,76.75,55.31,10.76
181983.0,12.0,0.0,72.57,56.84,22.08
187465.0,20.0,0.0,74.35,49.51,8.43
166194.0,24.0,0.0,81.09,52.23,11.56
176742.0,22.0,0.0,86.23,56.12,14.65
199893.0,22.0,0.0,87.1,58.89,22.21
230334.0,21.0,0.14,83.44,62.53,21.43
228435.0,28.0,0.0,87.51,57.4,10.87
231738.0,20.0,0.0,88.68,57.43,9.55
209793.0,16.0,0.0,83.37,60.33,13.27
168520.0,21.0,0.0,89.78,62.44,9.64
163936.0,28.0,0.0,92.64,62.33,8.99
175035.0,35.0,0.0,90.18,70.0,12.03
171794.0,33.0,0.0,89.92,71.33,15.57
165170.0,44.0,1.19,84.24,64.45,8.34
178786.0,43.0,0.0,84.54,65.25,7.87
193618.0,47.0,0.11,85.35,62.22,10.16
170601.0,41.0,0.36,88.68,61.99,7.38
159836.0,36.0,0.12,85.48,66.54,8.59
177524.0,48.0,0.11,86.92,63.57,8.97
186612.0,48.0,0.67,84.04,66.54,9.78
207316.0,42.0,0.0,87.71,62.89,8.19
195306.0,34.0,0.0,92.01,64.44,7.45
192455.0,50.0,0.0,78.1,68.2,17.63
184587.0,42.0,2.05,81.27,63.07,11.41
209895.0,77.0,9.2,73.33,62.38,10.47
255737.0,62.0,0.0,82.53,58.71,6.51
220288.0,56.0,0.63,88.38,61.65,9.44
193976.0,61.0,0.0,81.12,66.06,13.51
194022.0,57.0,0.28,82.38,62.62,5.26
185642.0,43.0,0.0,84.07,62.92,9.71
173742.0,41.0,0.38,85.51,62.98,8.55
171254.0,50.0,0.3,83.35,65.86,7.83
189221.0,54.0,0.0,85.75,61.48,6.06
191417.0,39.0,0.0,84.38,65.84,7.83
195282.0,36.0,0.0,88.29,59.54,4.97
205315.0,37.0,0.0,87.94,66.22,9.62
224847.0,39.0,0.0,91.96,68.11,7.52
229965.0,34.0,0.33,95.18,71.78,10.51
230449.0,57.0,0.87,85.53,66.61,11.68
244997.0,52.0,1.18,84.7,64.6,8.12
235066.0,44.0,0.0,87.91,62.02,8.28
222841.0,43.0,0.0,82.96,63.25,6.78
233072.0,43.0,0.0,86.65,62.91,8.46
197482.0,40.0,0.0,87.66,64.76,6.53
165909.0,42.0,0.0,91.74,66.54,6.26
171407.0,41.0,0.74,95.32,69.35,11.03
215352.0,43.0,0.0,96.08,67.64,6.58
230239.0,39.0,0.0,97.45,70.74,11.3
210269.0,37.0,0.0,93.25,75.13,12.57
205360.0,41.0,0.79,88.65,66.78,13.27
217953.0,47.0,0.0,91.67,65.75,8.21
218045.0,35.0,1.21,92.39,68.36,8.03
224647.0,36.0,0.0,93.78,66.79,9.31
245082.0,41.0,0.0,94.01,68.36,8.9
227747.0,39.0,0.0,90.97,70.65,9.8
201233.0,43.0,0.49,94.01,68.72,8.68
204687.0,34.0,0.0,93.96,64.29,7.09
206732.0,36.0,0.0,93.92,66.31,10.54
179834.0,37.0,0.0,95.63,71.73,8.77
165888.0,38.0,0.24,96.57,70.99,7.56
200345.0,39.0,0.0,98.64,70.9,8.14
214825.0,38.0,0.0,97.65,76.78,7.47
222849.0,25.0,0.0,97.63,73.62,9.91
215554.0,37.0,0.73,87.76,74.91,13.35
199933.0,70.0,4.73,76.08,65.53,13.44
172805.0,60.0,0.14,78.78,62.55,8.3
167587.0,60.0,0.0,74.82,63.55,9.15
193863.0,74.0,0.0,74.91,61.56,8.34
195607.0,67.0,0.0,84.65,60.39,11.45
196392.0,56.0,0.0,88.48,64.58,8.34
205674.0,49.0,0.37,87.04,66.56,8.1
8198.0,56.0,0.58,84.65,65.82,11.48
